--
-- PostgreSQL database dump
--

-- Dumped from database version 14.2
-- Dumped by pg_dump version 14.2

SET statement_timeout = 0;
SET lock_timeout = 0;
SET idle_in_transaction_session_timeout = 0;
SET client_encoding = 'UTF8';
SET standard_conforming_strings = on;
SELECT pg_catalog.set_config('search_path', '', false);
SET check_function_bodies = false;
SET xmloption = content;
SET client_min_messages = warning;
SET row_security = off;

ALTER TABLE ONLY public.sucursal_cuba DROP CONSTRAINT sucursal_cuba_codmincex_aa0b5234_fk;
ALTER TABLE ONLY public.solicitud_ppa DROP CONSTRAINT solicitud_ppa_username_bda45af5_fk_auth_user_id;
ALTER TABLE ONLY public.solicitud_ppa DROP CONSTRAINT solicitud_ppa_reeup_f85449dc_fk_cliente_reeup;
ALTER TABLE ONLY public.solicitud_ppa_proxy DROP CONSTRAINT solicitud_ppa_proxy_numsolicitud_b3c4e117_fk_solicitud;
ALTER TABLE ONLY public.solicitud_ppa_proxy DROP CONSTRAINT solicitud_ppa_proxy_idproducto_efc8a761_fk;
ALTER TABLE ONLY public.solicitud_ppa_proveedor DROP CONSTRAINT solicitud_ppa_proveedor_codmincex_id_4cab253e_fk;
ALTER TABLE ONLY public.solicitud_ppa_proveedor DROP CONSTRAINT solicitud_ppa_provee_numsolicitud_61e29922_fk_solicitud;
ALTER TABLE ONLY public.solicitud_neumatico DROP CONSTRAINT solicitud_neumatico_username_ce90dce5_fk_auth_user_id;
ALTER TABLE ONLY public.solicitud_neumatico DROP CONSTRAINT solicitud_neumatico_reeup_568efbf9_fk_cliente_reeup;
ALTER TABLE ONLY public.solicitud_neumatico_proxy DROP CONSTRAINT solicitud_neumatico_proxy_idproducto_264bd634_fk;
ALTER TABLE ONLY public.solicitud_neumatico_proveedor DROP CONSTRAINT solicitud_neumatico_proveedor_codmincex_id_920b25fe_fk;
ALTER TABLE ONLY public.solicitud_neumatico_proxy DROP CONSTRAINT solicitud_neumatico__numsolicitud_3ebfa720_fk_solicitud;
ALTER TABLE ONLY public.solicitud_neumatico_proveedor DROP CONSTRAINT solicitud_neumatico__numsolicitud_23890b23_fk_solicitud;
ALTER TABLE ONLY public.solicitud_equipo DROP CONSTRAINT solicitud_equipo_username_b32e7bdd_fk_auth_user_id;
ALTER TABLE ONLY public.solicitud_equipo DROP CONSTRAINT solicitud_equipo_reeup_07bd2083_fk_cliente_reeup;
ALTER TABLE ONLY public.solicitud_equipo_proxy DROP CONSTRAINT solicitud_equipo_proxy_idproducto_08c7c6e0_fk;
ALTER TABLE ONLY public.solicitud_equipo_proveedor DROP CONSTRAINT solicitud_equipo_proveedor_codmincex_187ce024_fk;
ALTER TABLE ONLY public.solicitud_equipo_proxy DROP CONSTRAINT solicitud_equipo_pro_numsolicitud_812d2e09_fk_solicitud;
ALTER TABLE ONLY public.solicitud_equipo_proveedor DROP CONSTRAINT solicitud_equipo_pro_numsolicitud_00805827_fk_solicitud;
ALTER TABLE ONLY public.solicitud_bateria DROP CONSTRAINT solicitud_bateria_username_bf683e7b_fk_auth_user_id;
ALTER TABLE ONLY public.solicitud_bateria DROP CONSTRAINT solicitud_bateria_reeup_7a94b57f_fk_cliente_reeup;
ALTER TABLE ONLY public.solicitud_bateria_proxy DROP CONSTRAINT solicitud_bateria_proxy_idproducto_d16d2d8c_fk;
ALTER TABLE ONLY public.solicitud_bateria_proxy DROP CONSTRAINT solicitud_bateria_pr_numsolicitud_94914016_fk_solicitud;
ALTER TABLE ONLY public.solicitud_bateria_proveedor DROP CONSTRAINT solicitud_bateria_pr_numsolicitud_6535162f_fk_solicitud;
ALTER TABLE ONLY public.solicitud_bateria_proveedor DROP CONSTRAINT solicitud_bateria_pr_codmincex_id_c9dc75e4_fk_proveedor;
ALTER TABLE ONLY public.reports_savedreport DROP CONSTRAINT reports_savedreport_run_by_id_0e49a3ac_fk_auth_user_id;
ALTER TABLE ONLY public.proveedor_ppa DROP CONSTRAINT proveedor_ppa_proveedor_id_c93b5138_fk_proveedor_codmincex;
ALTER TABLE ONLY public.proveedor_ppa DROP CONSTRAINT proveedor_ppa_ppa_id_7a94b08a_fk;
ALTER TABLE ONLY public.proveedor_neumaticos DROP CONSTRAINT proveedor_neumaticos_proveedor_id_d2c0a18b_fk_proveedor;
ALTER TABLE ONLY public.proveedor_neumaticos DROP CONSTRAINT proveedor_neumaticos_neumatico_id_07963775_fk;
ALTER TABLE ONLY public.proveedor_marca DROP CONSTRAINT proveedor_marca_proveedor_id_81518723_fk;
ALTER TABLE ONLY public.proveedor_marca DROP CONSTRAINT proveedor_marca_marca_id_ae2ad161_fk_marca_codigomarca;
ALTER TABLE ONLY public.proveedor_equipos DROP CONSTRAINT proveedor_equipos_proveedor_id_5e09ac79_fk_proveedor_codmincex;
ALTER TABLE ONLY public.proveedor_equipos DROP CONSTRAINT proveedor_equipos_equipo_id_5cd273e5_fk;
ALTER TABLE ONLY public.proveedor DROP CONSTRAINT proveedor_codigopais_ba6f5c0d_fk_pais_codigopais;
ALTER TABLE ONLY public.proveedor_baterias DROP CONSTRAINT proveedor_baterias_proveedor_id_9adc346c_fk_proveedor_codmincex;
ALTER TABLE ONLY public.proveedor_baterias DROP CONSTRAINT proveedor_baterias_bateria_id_bda82610_fk;
ALTER TABLE ONLY public.ppa_equipo DROP CONSTRAINT ppa_equipo_ppa_id_323cec64_fk;
ALTER TABLE ONLY public.ppa_equipo DROP CONSTRAINT ppa_equipo_equipo_id_c9d1cddb_fk;
ALTER TABLE ONLY public.ppa DROP CONSTRAINT ppa_codigoum_7b48f85c_fk_um_codigoum;
ALTER TABLE ONLY public.ppa DROP CONSTRAINT ppa_codigomarca_fde9bf8b_fk_marca_codigomarca;
ALTER TABLE ONLY public.oferta_ppa DROP CONSTRAINT oferta_ppa_username_beaea642_fk_auth_user_id;
ALTER TABLE ONLY public.oferta_ppa_proxy DROP CONSTRAINT oferta_ppa_proxy_numsolicitud_2bc9954c_fk_oferta_ppa_numero;
ALTER TABLE ONLY public.oferta_ppa_proxy DROP CONSTRAINT oferta_ppa_proxy_idproducto_b1cd6301_fk_solicitud_ppa_proxy_id;
ALTER TABLE ONLY public.oferta_ppa DROP CONSTRAINT oferta_ppa_numsolicitud_f8ec6731_fk_solicitud_ppa_numsolicitud;
ALTER TABLE ONLY public.oferta_ppa DROP CONSTRAINT oferta_ppa_idpais_45485d9a_fk_pais_codigopais;
ALTER TABLE ONLY public.oferta_ppa DROP CONSTRAINT oferta_ppa_codmincex_f9672369_fk;
ALTER TABLE ONLY public.oferta_neumaticos DROP CONSTRAINT oferta_neumaticos_username_6bec8fee_fk_auth_user_id;
ALTER TABLE ONLY public.oferta_neumaticos DROP CONSTRAINT oferta_neumaticos_numsolicitud_a26052af_fk_solicitud;
ALTER TABLE ONLY public.oferta_neumaticos DROP CONSTRAINT oferta_neumaticos_idpais_3d47da7c_fk_pais_codigopais;
ALTER TABLE ONLY public.oferta_neumaticos DROP CONSTRAINT oferta_neumaticos_codmincex_23b3e25a_fk;
ALTER TABLE ONLY public.oferta_neumatico_proxy DROP CONSTRAINT oferta_neumatico_pro_numsolicitud_040373c2_fk_oferta_ne;
ALTER TABLE ONLY public.oferta_neumatico_proxy DROP CONSTRAINT oferta_neumatico_pro_idproducto_dc503917_fk_solicitud;
ALTER TABLE ONLY public.oferta_equipo DROP CONSTRAINT oferta_equipo_username_21a56f58_fk_auth_user_id;
ALTER TABLE ONLY public.oferta_equipo_proxy DROP CONSTRAINT oferta_equipo_proxy_idproducto_ff77c35c_fk_solicitud;
ALTER TABLE ONLY public.oferta_equipo DROP CONSTRAINT oferta_equipo_numsolicitud_cf512716_fk_solicitud;
ALTER TABLE ONLY public.oferta_equipo DROP CONSTRAINT oferta_equipo_idpais_25734604_fk_pais_codigopais;
ALTER TABLE ONLY public.oferta_equipo DROP CONSTRAINT oferta_equipo_codmincex_2e6e45cf_fk;
ALTER TABLE ONLY public.oferta_baterias DROP CONSTRAINT oferta_baterias_username_7302a0b5_fk_auth_user_id;
ALTER TABLE ONLY public.oferta_baterias DROP CONSTRAINT oferta_baterias_numsolicitud_3f328d51_fk_solicitud;
ALTER TABLE ONLY public.oferta_baterias DROP CONSTRAINT oferta_baterias_idpais_e53e2c7b_fk_pais_codigopais;
ALTER TABLE ONLY public.oferta_baterias DROP CONSTRAINT oferta_baterias_codmincex_9f1a49d3_fk;
ALTER TABLE ONLY public.oferta_bateria_proxy DROP CONSTRAINT oferta_bateria_proxy_numsolicitud_52a169f8_fk_oferta_ba;
ALTER TABLE ONLY public.oferta_bateria_proxy DROP CONSTRAINT oferta_bateria_proxy_idproducto_b69ad312_fk_solicitud;
ALTER TABLE ONLY public.neumatico DROP CONSTRAINT neumatico_codigoum_40edba2b_fk_um_codigoum;
ALTER TABLE ONLY public.neumatico DROP CONSTRAINT neumatico_codigomarca_2da28965_fk_marca_codigomarca;
ALTER TABLE ONLY public.marca DROP CONSTRAINT marca_codigopais_a5f8ede9_fk_pais_codigopais;
ALTER TABLE ONLY public.equipo DROP CONSTRAINT equipo_codigoum_0cef5e26_fk_um_codigoum;
ALTER TABLE ONLY public.equipo DROP CONSTRAINT equipo_codigomarca_33aa6296_fk_marca_codigomarca;
ALTER TABLE ONLY public.django_admin_log DROP CONSTRAINT django_admin_log_user_id_c564eba6_fk_auth_user_id;
ALTER TABLE ONLY public.django_admin_log DROP CONSTRAINT django_admin_log_content_type_id_c4bce8eb_fk_django_co;
ALTER TABLE ONLY public.cliente DROP CONSTRAINT cliente_codigoprovincia_2ef760d6_fk_provincia_codigoprovincia;
ALTER TABLE ONLY public.cliente DROP CONSTRAINT "cliente_OSDE_id_e62a283b_fk";
ALTER TABLE ONLY public.casa_matriz DROP CONSTRAINT casa_matriz_codmincex_bd5fc4f6_fk;
ALTER TABLE ONLY public.bateria DROP CONSTRAINT bateria_codigoum_3eef7d96_fk_um_codigoum;
ALTER TABLE ONLY public.bateria DROP CONSTRAINT bateria_codigomarca_277a3733_fk_marca_codigomarca;
ALTER TABLE ONLY public.auth_user_user_permissions DROP CONSTRAINT auth_user_user_permissions_user_id_a95ead1b_fk_auth_user_id;
ALTER TABLE ONLY public.auth_user_user_permissions DROP CONSTRAINT auth_user_user_permi_permission_id_1fbb5f2c_fk_auth_perm;
ALTER TABLE ONLY public.auth_user_groups DROP CONSTRAINT auth_user_groups_user_id_6a12ed8b_fk_auth_user_id;
ALTER TABLE ONLY public.auth_user_groups DROP CONSTRAINT auth_user_groups_group_id_97559544_fk_auth_group_id;
ALTER TABLE ONLY public.auth_permission DROP CONSTRAINT auth_permission_content_type_id_2f476e4b_fk_django_co;
ALTER TABLE ONLY public.auth_group_permissions DROP CONSTRAINT auth_group_permissions_group_id_b120cbf9_fk_auth_group_id;
ALTER TABLE ONLY public.auth_group_permissions DROP CONSTRAINT auth_group_permissio_permission_id_84c5c92e_fk_auth_perm;
ALTER TABLE ONLY public.account_signupcoderesult DROP CONSTRAINT account_signupcoderesult_user_id_c10dc604_fk_auth_user_id;
ALTER TABLE ONLY public.account_signupcoderesult DROP CONSTRAINT account_signupcoderesult_signup_code_id_1adc486e_fk;
ALTER TABLE ONLY public.account_signupcode DROP CONSTRAINT account_signupcode_inviter_id_9706983e_fk_auth_user_id;
ALTER TABLE ONLY public.account_passwordhistory DROP CONSTRAINT account_passwordhistory_user_id_dc325181_fk_auth_user_id;
ALTER TABLE ONLY public.account_passwordexpiry DROP CONSTRAINT account_passwordexpiry_user_id_905230ec_fk_auth_user_id;
ALTER TABLE ONLY public.account_emailconfirmation DROP CONSTRAINT account_emailconfirmation_email_address_id_5b7f8c58_fk;
ALTER TABLE ONLY public.account_emailaddress DROP CONSTRAINT account_emailaddress_user_id_2c513194_fk_auth_user_id;
ALTER TABLE ONLY public.account_accountdeletion DROP CONSTRAINT account_accountdeletion_user_id_c205475f_fk_auth_user_id;
ALTER TABLE ONLY public.account_account DROP CONSTRAINT account_account_user_id_8d4f4816_fk_auth_user_id;
ALTER TABLE ONLY public."OSDE" DROP CONSTRAINT "OSDE_ministerio_id_dd8f8290_fk";
DROP INDEX public.um_descripcionum_4582a47e_like;
DROP INDEX public.um_codigoum_8b14f118_like;
DROP INDEX public.sucursal_cuba_codmincex_aa0b5234_like;
DROP INDEX public.sucursal_cuba_codmincex_aa0b5234;
DROP INDEX public.solicitud_ppa_username_bda45af5;
DROP INDEX public.solicitud_ppa_reeup_f85449dc_like;
DROP INDEX public.solicitud_ppa_reeup_f85449dc;
DROP INDEX public.solicitud_ppa_proxy_numsolicitud_b3c4e117;
DROP INDEX public.solicitud_ppa_proxy_idproducto_efc8a761_like;
DROP INDEX public.solicitud_ppa_proxy_idproducto_efc8a761;
DROP INDEX public.solicitud_ppa_proveedor_numsolicitud_61e29922;
DROP INDEX public.solicitud_ppa_proveedor_codmincex_id_4cab253e_like;
DROP INDEX public.solicitud_ppa_proveedor_codmincex_id_4cab253e;
DROP INDEX public.solicitud_neumatico_username_ce90dce5;
DROP INDEX public.solicitud_neumatico_reeup_568efbf9_like;
DROP INDEX public.solicitud_neumatico_reeup_568efbf9;
DROP INDEX public.solicitud_neumatico_proxy_numsolicitud_3ebfa720;
DROP INDEX public.solicitud_neumatico_proxy_idproducto_264bd634_like;
DROP INDEX public.solicitud_neumatico_proxy_idproducto_264bd634;
DROP INDEX public.solicitud_neumatico_proveedor_numsolicitud_23890b23;
DROP INDEX public.solicitud_neumatico_proveedor_codmincex_id_920b25fe_like;
DROP INDEX public.solicitud_equipo_username_b32e7bdd;
DROP INDEX public.solicitud_equipo_reeup_07bd2083_like;
DROP INDEX public.solicitud_equipo_reeup_07bd2083;
DROP INDEX public.solicitud_equipo_proxy_numsolicitud_812d2e09;
DROP INDEX public.solicitud_equipo_proxy_idproducto_08c7c6e0_like;
DROP INDEX public.solicitud_equipo_proxy_idproducto_08c7c6e0;
DROP INDEX public.solicitud_equipo_proveedor_numsolicitud_00805827;
DROP INDEX public.solicitud_equipo_proveedor_codmincex_187ce024_like;
DROP INDEX public.solicitud_equipo_proveedor_codmincex_187ce024;
DROP INDEX public.solicitud_bateria_username_bf683e7b;
DROP INDEX public.solicitud_bateria_reeup_7a94b57f_like;
DROP INDEX public.solicitud_bateria_reeup_7a94b57f;
DROP INDEX public.solicitud_bateria_proxy_numsolicitud_94914016;
DROP INDEX public.solicitud_bateria_proxy_idproducto_d16d2d8c_like;
DROP INDEX public.solicitud_bateria_proveedor_numsolicitud_6535162f;
DROP INDEX public.solicitud_bateria_proveedor_codmincex_id_c9dc75e4_like;
DROP INDEX public.solicitud_bateria_proveedor_codmincex_id_c9dc75e4;
DROP INDEX public.reports_savedreport_run_by_id_0e49a3ac;
DROP INDEX public.provincia_codigoprovincia_faf2e195_like;
DROP INDEX public.proveedor_ppa_proveedor_id_c93b5138_like;
DROP INDEX public.proveedor_ppa_proveedor_id_c93b5138;
DROP INDEX public.proveedor_ppa_ppa_id_7a94b08a_like;
DROP INDEX public.proveedor_ppa_ppa_id_7a94b08a;
DROP INDEX public.proveedor_nomproveedor_a0b35d39_like;
DROP INDEX public.proveedor_neumaticos_proveedor_id_d2c0a18b_like;
DROP INDEX public.proveedor_neumaticos_proveedor_id_d2c0a18b;
DROP INDEX public.proveedor_neumaticos_neumatico_id_07963775_like;
DROP INDEX public.proveedor_neumaticos_neumatico_id_07963775;
DROP INDEX public.proveedor_marca_proveedor_id_81518723_like;
DROP INDEX public.proveedor_marca_proveedor_id_81518723;
DROP INDEX public.proveedor_marca_marca_id_ae2ad161;
DROP INDEX public.proveedor_equipos_proveedor_id_5e09ac79_like;
DROP INDEX public.proveedor_equipos_proveedor_id_5e09ac79;
DROP INDEX public.proveedor_equipos_equipo_id_5cd273e5_like;
DROP INDEX public.proveedor_equipos_equipo_id_5cd273e5;
DROP INDEX public.proveedor_codmincex_e9a8c16d_like;
DROP INDEX public.proveedor_codigopais_ba6f5c0d_like;
DROP INDEX public.proveedor_codigopais_ba6f5c0d;
DROP INDEX public.proveedor_baterias_proveedor_id_9adc346c_like;
DROP INDEX public.proveedor_baterias_proveedor_id_9adc346c;
DROP INDEX public.proveedor_baterias_bateria_id_bda82610_like;
DROP INDEX public.proveedor_baterias_bateria_id_bda82610;
DROP INDEX public.ppa_marca_id_ce5f7e04;
DROP INDEX public.ppa_idproducto_ae8ec065_like;
DROP INDEX public.ppa_equipo_ppa_id_323cec64_like;
DROP INDEX public.ppa_equipo_ppa_id_323cec64;
DROP INDEX public.ppa_equipo_equipo_id_c9d1cddb_like;
DROP INDEX public.ppa_equipo_equipo_id_c9d1cddb;
DROP INDEX public.ppa_codigoum_7b48f85c_like;
DROP INDEX public.ppa_codigoum_7b48f85c;
DROP INDEX public.pais_codigopais_f394d5a9_like;
DROP INDEX public.oferta_ppa_proxy_numsolicitud_2bc9954c;
DROP INDEX public.oferta_ppa_proxy_idproducto_b1cd6301;
DROP INDEX public.oferta_ppa_numsolicitud_f8ec6731;
DROP INDEX public.oferta_ppa_idpais_45485d9a_like;
DROP INDEX public.oferta_ppa_idpais_45485d9a;
DROP INDEX public.oferta_ppa_idespecialista_18cc95cc;
DROP INDEX public.oferta_ppa_codmincex_f9672369_like;
DROP INDEX public.oferta_ppa_codmincex_f9672369;
DROP INDEX public.oferta_neumaticos_numsolicitud_a26052af;
DROP INDEX public.oferta_neumaticos_idpais_3d47da7c_like;
DROP INDEX public.oferta_neumaticos_idpais_3d47da7c;
DROP INDEX public.oferta_neumaticos_idespecialista_687bbd06;
DROP INDEX public.oferta_neumaticos_codmincex_23b3e25a_like;
DROP INDEX public.oferta_neumaticos_codmincex_23b3e25a;
DROP INDEX public.oferta_neumatico_proxy_numsolicitud_040373c2;
DROP INDEX public.oferta_neumatico_proxy_idproducto_dc503917;
DROP INDEX public.oferta_equipo_proxy_numsolicitud_3cc31e99;
DROP INDEX public.oferta_equipo_proxy_idproducto_ff77c35c;
DROP INDEX public.oferta_equipo_numsolicitud_cf512716;
DROP INDEX public.oferta_equipo_idpais_25734604_like;
DROP INDEX public.oferta_equipo_idpais_25734604;
DROP INDEX public.oferta_equipo_idespecialista_ba0415b9;
DROP INDEX public.oferta_equipo_codmincex_2e6e45cf_like;
DROP INDEX public.oferta_equipo_codmincex_2e6e45cf;
DROP INDEX public.oferta_baterias_numsolicitud_3f328d51;
DROP INDEX public.oferta_baterias_idpais_e53e2c7b_like;
DROP INDEX public.oferta_baterias_idpais_e53e2c7b;
DROP INDEX public.oferta_baterias_idespecialista_07f81b69;
DROP INDEX public.oferta_baterias_codmincex_9f1a49d3_like;
DROP INDEX public.oferta_baterias_codmincex_9f1a49d3;
DROP INDEX public.oferta_bateria_proxy_numsolicitud_52a169f8;
DROP INDEX public.oferta_bateria_proxy_idproducto_b69ad312;
DROP INDEX public.neumatico_marca_id_e2843a2d;
DROP INDEX public.neumatico_idproducto_9eec9617_like;
DROP INDEX public.neumatico_codigoum_40edba2b_like;
DROP INDEX public.neumatico_codigoum_40edba2b;
DROP INDEX public.ministerio_siglas_885a106d_like;
DROP INDEX public.ministerio_reeup_ab665d77_like;
DROP INDEX public.ministerio_nombre_21bb2048_like;
DROP INDEX public.ministerio_correo_2ae9841a_like;
DROP INDEX public.marca_nommarca_2d378c86_like;
DROP INDEX public.marca_codigopais_a5f8ede9_like;
DROP INDEX public.marca_codigopais_a5f8ede9;
DROP INDEX public.equipo_marca_id_aef47c38;
DROP INDEX public.equipo_idproducto_712e52c4_like;
DROP INDEX public.equipo_codigoum_0cef5e26_like;
DROP INDEX public.equipo_codigoum_0cef5e26;
DROP INDEX public.django_site_domain_a2e37b91_like;
DROP INDEX public.django_session_session_key_c0390e0f_like;
DROP INDEX public.django_session_expire_date_a5c62663;
DROP INDEX public.django_admin_log_user_id_c564eba6;
DROP INDEX public.django_admin_log_content_type_id_c4bce8eb;
DROP INDEX public.cliente_siglas_4bfff53e_like;
DROP INDEX public.cliente_reeup_30874119_like;
DROP INDEX public.cliente_provincia_478bfc63_like;
DROP INDEX public.cliente_provincia_478bfc63;
DROP INDEX public.cliente_nombre_8fc2f80f_like;
DROP INDEX public.cliente_correo_4271a189_like;
DROP INDEX public."cliente_OSDE_id_e62a283b_like";
DROP INDEX public."cliente_OSDE_id_e62a283b";
DROP INDEX public.casa_matriz_codmincex_bd5fc4f6_like;
DROP INDEX public.casa_matriz_codmincex_bd5fc4f6;
DROP INDEX public.bateria_marca_id_bff70813;
DROP INDEX public.bateria_idproducto_5736f2bb_like;
DROP INDEX public.bateria_codigoum_3eef7d96_like;
DROP INDEX public.bateria_codigoum_3eef7d96;
DROP INDEX public.auth_user_username_6821ab7c_like;
DROP INDEX public.auth_user_user_permissions_user_id_a95ead1b;
DROP INDEX public.auth_user_user_permissions_permission_id_1fbb5f2c;
DROP INDEX public.auth_user_groups_user_id_6a12ed8b;
DROP INDEX public.auth_user_groups_group_id_97559544;
DROP INDEX public.auth_permission_content_type_id_2f476e4b;
DROP INDEX public.auth_group_permissions_permission_id_84c5c92e;
DROP INDEX public.auth_group_permissions_group_id_b120cbf9;
DROP INDEX public.auth_group_name_a6ea08ec_like;
DROP INDEX public.account_signupcoderesult_user_id_c10dc604;
DROP INDEX public.account_signupcoderesult_signup_code_id_1adc486e;
DROP INDEX public.account_signupcode_inviter_id_9706983e;
DROP INDEX public.account_signupcode_code_e34edcf8_like;
DROP INDEX public.account_passwordhistory_user_id_dc325181;
DROP INDEX public.account_emailconfirmation_key_f43612bd_like;
DROP INDEX public.account_emailconfirmation_email_address_id_5b7f8c58;
DROP INDEX public.account_emailaddress_user_id_2c513194;
DROP INDEX public.account_emailaddress_email_03be32b2_like;
DROP INDEX public.account_accountdeletion_user_id_c205475f;
DROP INDEX public."OSDE_siglas_bd5d3498_like";
DROP INDEX public."OSDE_reeup_77593f2d_like";
DROP INDEX public."OSDE_nombre_4efd2961_like";
DROP INDEX public."OSDE_ministerio_id_dd8f8290_like";
DROP INDEX public."OSDE_ministerio_id_dd8f8290";
DROP INDEX public."OSDE_correo_e0bd4ae5_like";
ALTER TABLE ONLY public.um DROP CONSTRAINT um_pkey;
ALTER TABLE ONLY public.um DROP CONSTRAINT um_descripcionum_key;
ALTER TABLE ONLY public.sucursal_cuba DROP CONSTRAINT sucursal_cuba_pkey;
ALTER TABLE ONLY public.solicitud_ppa_proxy DROP CONSTRAINT solicitud_ppa_proxy_pkey;
ALTER TABLE ONLY public.solicitud_ppa_proveedor DROP CONSTRAINT solicitud_ppa_proveedor_pkey;
ALTER TABLE ONLY public.solicitud_ppa DROP CONSTRAINT solicitud_ppa_pkey;
ALTER TABLE ONLY public.solicitud_neumatico_proxy DROP CONSTRAINT solicitud_neumatico_proxy_pkey;
ALTER TABLE ONLY public.solicitud_neumatico_proveedor DROP CONSTRAINT solicitud_neumatico_proveedor_pkey;
ALTER TABLE ONLY public.solicitud_neumatico_proveedor DROP CONSTRAINT solicitud_neumatico_proveedor_codmincex_id_920b25fe_uniq;
ALTER TABLE ONLY public.solicitud_neumatico DROP CONSTRAINT solicitud_neumatico_pkey;
ALTER TABLE ONLY public.solicitud_equipo_proxy DROP CONSTRAINT solicitud_equipo_proxy_pkey;
ALTER TABLE ONLY public.solicitud_equipo_proveedor DROP CONSTRAINT solicitud_equipo_proveedor_pkey;
ALTER TABLE ONLY public.solicitud_equipo DROP CONSTRAINT solicitud_equipo_pkey;
ALTER TABLE ONLY public.solicitud_bateria_proxy DROP CONSTRAINT solicitud_bateria_proxy_pkey;
ALTER TABLE ONLY public.solicitud_bateria_proxy DROP CONSTRAINT solicitud_bateria_proxy_idproducto_d16d2d8c_uniq;
ALTER TABLE ONLY public.solicitud_bateria_proveedor DROP CONSTRAINT solicitud_bateria_proveedor_pkey;
ALTER TABLE ONLY public.solicitud_bateria DROP CONSTRAINT solicitud_bateria_pkey;
ALTER TABLE ONLY public.reports_savedreport DROP CONSTRAINT reports_savedreport_pkey;
ALTER TABLE ONLY public.provincia DROP CONSTRAINT provincia_pkey;
ALTER TABLE ONLY public.proveedor_ppa DROP CONSTRAINT proveedor_ppa_proveedor_id_ppa_id_f91e8716_uniq;
ALTER TABLE ONLY public.proveedor_ppa DROP CONSTRAINT proveedor_ppa_pkey;
ALTER TABLE ONLY public.proveedor DROP CONSTRAINT proveedor_pkey;
ALTER TABLE ONLY public.proveedor DROP CONSTRAINT proveedor_nomproveedor_a0b35d39_uniq;
ALTER TABLE ONLY public.proveedor_neumaticos DROP CONSTRAINT proveedor_neumaticos_proveedor_id_neumatico_id_5fb62953_uniq;
ALTER TABLE ONLY public.proveedor_neumaticos DROP CONSTRAINT proveedor_neumaticos_pkey;
ALTER TABLE ONLY public.proveedor_marca DROP CONSTRAINT proveedor_marca_proveedor_id_marca_id_716b0f11_uniq;
ALTER TABLE ONLY public.proveedor_marca DROP CONSTRAINT proveedor_marca_pkey;
ALTER TABLE ONLY public.proveedor_equipos DROP CONSTRAINT proveedor_equipos_proveedor_id_equipo_id_aba7e50c_uniq;
ALTER TABLE ONLY public.proveedor_equipos DROP CONSTRAINT proveedor_equipos_pkey;
ALTER TABLE ONLY public.proveedor DROP CONSTRAINT proveedor_codmincex_codigopais_eea1226c_uniq;
ALTER TABLE ONLY public.proveedor_baterias DROP CONSTRAINT proveedor_baterias_proveedor_id_bateria_id_16bdd139_uniq;
ALTER TABLE ONLY public.proveedor_baterias DROP CONSTRAINT proveedor_baterias_pkey;
ALTER TABLE ONLY public.ppa DROP CONSTRAINT ppa_pkey;
ALTER TABLE ONLY public.ppa_equipo DROP CONSTRAINT ppa_equipo_ppa_id_equipo_id_5db04d59_uniq;
ALTER TABLE ONLY public.ppa_equipo DROP CONSTRAINT ppa_equipo_pkey;
ALTER TABLE ONLY public.pais DROP CONSTRAINT pais_pkey;
ALTER TABLE ONLY public.oferta_ppa_proxy DROP CONSTRAINT oferta_ppa_proxy_pkey;
ALTER TABLE ONLY public.oferta_ppa DROP CONSTRAINT oferta_ppa_pkey;
ALTER TABLE ONLY public.oferta_neumaticos DROP CONSTRAINT oferta_neumaticos_pkey;
ALTER TABLE ONLY public.oferta_neumatico_proxy DROP CONSTRAINT oferta_neumatico_proxy_pkey;
ALTER TABLE ONLY public.oferta_equipo_proxy DROP CONSTRAINT oferta_equipo_proxy_pkey;
ALTER TABLE ONLY public.oferta_equipo DROP CONSTRAINT oferta_equipo_pkey;
ALTER TABLE ONLY public.oferta_baterias DROP CONSTRAINT oferta_baterias_pkey;
ALTER TABLE ONLY public.oferta_bateria_proxy DROP CONSTRAINT oferta_bateria_proxy_pkey;
ALTER TABLE ONLY public.neumatico DROP CONSTRAINT neumatico_pkey;
ALTER TABLE ONLY public.ministerio DROP CONSTRAINT ministerio_telefono_key;
ALTER TABLE ONLY public.ministerio DROP CONSTRAINT ministerio_siglas_key;
ALTER TABLE ONLY public.ministerio DROP CONSTRAINT ministerio_pkey;
ALTER TABLE ONLY public.ministerio DROP CONSTRAINT ministerio_nombre_key;
ALTER TABLE ONLY public.ministerio DROP CONSTRAINT ministerio_correo_key;
ALTER TABLE ONLY public.marca DROP CONSTRAINT marca_pkey;
ALTER TABLE ONLY public.marca DROP CONSTRAINT marca_nommarca_2d378c86_uniq;
ALTER TABLE ONLY public.equipo DROP CONSTRAINT equipo_pkey;
ALTER TABLE ONLY public.django_site DROP CONSTRAINT django_site_pkey;
ALTER TABLE ONLY public.django_site DROP CONSTRAINT django_site_domain_a2e37b91_uniq;
ALTER TABLE ONLY public.django_session DROP CONSTRAINT django_session_pkey;
ALTER TABLE ONLY public.django_migrations DROP CONSTRAINT django_migrations_pkey;
ALTER TABLE ONLY public.django_content_type DROP CONSTRAINT django_content_type_pkey;
ALTER TABLE ONLY public.django_content_type DROP CONSTRAINT django_content_type_app_label_model_76bd3d3b_uniq;
ALTER TABLE ONLY public.django_admin_log DROP CONSTRAINT django_admin_log_pkey;
ALTER TABLE ONLY public.cliente DROP CONSTRAINT cliente_telefono_key;
ALTER TABLE ONLY public.cliente DROP CONSTRAINT cliente_siglas_key;
ALTER TABLE ONLY public.cliente DROP CONSTRAINT cliente_pkey;
ALTER TABLE ONLY public.cliente DROP CONSTRAINT cliente_nombre_key;
ALTER TABLE ONLY public.cliente DROP CONSTRAINT cliente_correo_key;
ALTER TABLE ONLY public.casa_matriz DROP CONSTRAINT casa_matriz_pkey;
ALTER TABLE ONLY public.bateria DROP CONSTRAINT bateria_pkey;
ALTER TABLE ONLY public.auth_user DROP CONSTRAINT auth_user_username_key;
ALTER TABLE ONLY public.auth_user_user_permissions DROP CONSTRAINT auth_user_user_permissions_user_id_permission_id_14a6b632_uniq;
ALTER TABLE ONLY public.auth_user_user_permissions DROP CONSTRAINT auth_user_user_permissions_pkey;
ALTER TABLE ONLY public.auth_user DROP CONSTRAINT auth_user_pkey;
ALTER TABLE ONLY public.auth_user_groups DROP CONSTRAINT auth_user_groups_user_id_group_id_94350c0c_uniq;
ALTER TABLE ONLY public.auth_user_groups DROP CONSTRAINT auth_user_groups_pkey;
ALTER TABLE ONLY public.auth_permission DROP CONSTRAINT auth_permission_pkey;
ALTER TABLE ONLY public.auth_permission DROP CONSTRAINT auth_permission_content_type_id_codename_01ab375a_uniq;
ALTER TABLE ONLY public.auth_group DROP CONSTRAINT auth_group_pkey;
ALTER TABLE ONLY public.auth_group_permissions DROP CONSTRAINT auth_group_permissions_pkey;
ALTER TABLE ONLY public.auth_group_permissions DROP CONSTRAINT auth_group_permissions_group_id_permission_id_0cd325b0_uniq;
ALTER TABLE ONLY public.auth_group DROP CONSTRAINT auth_group_name_key;
ALTER TABLE ONLY public.account_signupcoderesult DROP CONSTRAINT account_signupcoderesult_pkey;
ALTER TABLE ONLY public.account_signupcode DROP CONSTRAINT account_signupcode_pkey;
ALTER TABLE ONLY public.account_signupcode DROP CONSTRAINT account_signupcode_code_key;
ALTER TABLE ONLY public.account_passwordhistory DROP CONSTRAINT account_passwordhistory_pkey;
ALTER TABLE ONLY public.account_passwordexpiry DROP CONSTRAINT account_passwordexpiry_user_id_key;
ALTER TABLE ONLY public.account_passwordexpiry DROP CONSTRAINT account_passwordexpiry_pkey;
ALTER TABLE ONLY public.account_emailconfirmation DROP CONSTRAINT account_emailconfirmation_pkey;
ALTER TABLE ONLY public.account_emailconfirmation DROP CONSTRAINT account_emailconfirmation_key_key;
ALTER TABLE ONLY public.account_emailaddress DROP CONSTRAINT account_emailaddress_pkey;
ALTER TABLE ONLY public.account_emailaddress DROP CONSTRAINT account_emailaddress_email_key;
ALTER TABLE ONLY public.account_accountdeletion DROP CONSTRAINT account_accountdeletion_pkey;
ALTER TABLE ONLY public.account_account DROP CONSTRAINT account_account_user_id_key;
ALTER TABLE ONLY public.account_account DROP CONSTRAINT account_account_pkey;
ALTER TABLE ONLY public."Trazas_logentry" DROP CONSTRAINT "Trazas_logentry_pkey";
ALTER TABLE ONLY public."Salvas_salvas" DROP CONSTRAINT "Salvas_salvas_pkey";
ALTER TABLE ONLY public."Reportes_reporte_solicitud" DROP CONSTRAINT "Reportes_reporte_solicitud_pkey";
ALTER TABLE ONLY public."Reportes_reporte_proveedor" DROP CONSTRAINT "Reportes_reporte_proveedor_pkey";
ALTER TABLE ONLY public."OSDE" DROP CONSTRAINT "OSDE_telefono_key";
ALTER TABLE ONLY public."OSDE" DROP CONSTRAINT "OSDE_siglas_key";
ALTER TABLE ONLY public."OSDE" DROP CONSTRAINT "OSDE_pkey";
ALTER TABLE ONLY public."OSDE" DROP CONSTRAINT "OSDE_nombre_key";
ALTER TABLE ONLY public."OSDE" DROP CONSTRAINT "OSDE_correo_key";
ALTER TABLE ONLY public."Datos_salvas_restauras" DROP CONSTRAINT "Datos_salvas_restauras_pkey";
ALTER TABLE ONLY public."Dashboard_order" DROP CONSTRAINT "Dashboard_order_pkey";
ALTER TABLE ONLY public."Dashboard_dashboard" DROP CONSTRAINT "Dashboard_dashboard_pkey";
ALTER TABLE public.sucursal_cuba ALTER COLUMN id DROP DEFAULT;
ALTER TABLE public.solicitud_ppa_proxy ALTER COLUMN id DROP DEFAULT;
ALTER TABLE public.solicitud_ppa_proveedor ALTER COLUMN id DROP DEFAULT;
ALTER TABLE public.solicitud_ppa ALTER COLUMN numsolicitud DROP DEFAULT;
ALTER TABLE public.solicitud_neumatico_proxy ALTER COLUMN id DROP DEFAULT;
ALTER TABLE public.solicitud_neumatico_proveedor ALTER COLUMN id DROP DEFAULT;
ALTER TABLE public.solicitud_neumatico ALTER COLUMN numsolicitud DROP DEFAULT;
ALTER TABLE public.solicitud_equipo_proxy ALTER COLUMN id DROP DEFAULT;
ALTER TABLE public.solicitud_equipo_proveedor ALTER COLUMN id DROP DEFAULT;
ALTER TABLE public.solicitud_equipo ALTER COLUMN numsolicitud DROP DEFAULT;
ALTER TABLE public.solicitud_bateria_proxy ALTER COLUMN id DROP DEFAULT;
ALTER TABLE public.solicitud_bateria_proveedor ALTER COLUMN id DROP DEFAULT;
ALTER TABLE public.solicitud_bateria ALTER COLUMN numsolicitud DROP DEFAULT;
ALTER TABLE public.reports_savedreport ALTER COLUMN id DROP DEFAULT;
ALTER TABLE public.proveedor_ppa ALTER COLUMN id DROP DEFAULT;
ALTER TABLE public.proveedor_neumaticos ALTER COLUMN id DROP DEFAULT;
ALTER TABLE public.proveedor_marca ALTER COLUMN id DROP DEFAULT;
ALTER TABLE public.proveedor_equipos ALTER COLUMN id DROP DEFAULT;
ALTER TABLE public.proveedor_baterias ALTER COLUMN id DROP DEFAULT;
ALTER TABLE public.ppa_equipo ALTER COLUMN id DROP DEFAULT;
ALTER TABLE public.oferta_ppa_proxy ALTER COLUMN id DROP DEFAULT;
ALTER TABLE public.oferta_ppa ALTER COLUMN numero DROP DEFAULT;
ALTER TABLE public.oferta_neumaticos ALTER COLUMN numero DROP DEFAULT;
ALTER TABLE public.oferta_neumatico_proxy ALTER COLUMN id DROP DEFAULT;
ALTER TABLE public.oferta_equipo_proxy ALTER COLUMN id DROP DEFAULT;
ALTER TABLE public.oferta_equipo ALTER COLUMN numero DROP DEFAULT;
ALTER TABLE public.oferta_baterias ALTER COLUMN numero DROP DEFAULT;
ALTER TABLE public.oferta_bateria_proxy ALTER COLUMN id DROP DEFAULT;
ALTER TABLE public.django_site ALTER COLUMN id DROP DEFAULT;
ALTER TABLE public.django_migrations ALTER COLUMN id DROP DEFAULT;
ALTER TABLE public.django_content_type ALTER COLUMN id DROP DEFAULT;
ALTER TABLE public.django_admin_log ALTER COLUMN id DROP DEFAULT;
ALTER TABLE public.casa_matriz ALTER COLUMN id DROP DEFAULT;
ALTER TABLE public.auth_user_user_permissions ALTER COLUMN id DROP DEFAULT;
ALTER TABLE public.auth_user_groups ALTER COLUMN id DROP DEFAULT;
ALTER TABLE public.auth_user ALTER COLUMN id DROP DEFAULT;
ALTER TABLE public.auth_permission ALTER COLUMN id DROP DEFAULT;
ALTER TABLE public.auth_group_permissions ALTER COLUMN id DROP DEFAULT;
ALTER TABLE public.auth_group ALTER COLUMN id DROP DEFAULT;
ALTER TABLE public.account_signupcoderesult ALTER COLUMN id DROP DEFAULT;
ALTER TABLE public.account_signupcode ALTER COLUMN id DROP DEFAULT;
ALTER TABLE public.account_passwordhistory ALTER COLUMN id DROP DEFAULT;
ALTER TABLE public.account_passwordexpiry ALTER COLUMN id DROP DEFAULT;
ALTER TABLE public.account_emailconfirmation ALTER COLUMN id DROP DEFAULT;
ALTER TABLE public.account_emailaddress ALTER COLUMN id DROP DEFAULT;
ALTER TABLE public.account_accountdeletion ALTER COLUMN id DROP DEFAULT;
ALTER TABLE public.account_account ALTER COLUMN id DROP DEFAULT;
ALTER TABLE public."Trazas_logentry" ALTER COLUMN id DROP DEFAULT;
ALTER TABLE public."Salvas_salvas" ALTER COLUMN id DROP DEFAULT;
ALTER TABLE public."Reportes_reporte_solicitud" ALTER COLUMN id DROP DEFAULT;
ALTER TABLE public."Reportes_reporte_proveedor" ALTER COLUMN id DROP DEFAULT;
ALTER TABLE public."Datos_salvas_restauras" ALTER COLUMN id DROP DEFAULT;
ALTER TABLE public."Dashboard_order" ALTER COLUMN id DROP DEFAULT;
ALTER TABLE public."Dashboard_dashboard" ALTER COLUMN id DROP DEFAULT;
DROP TABLE public.um;
DROP SEQUENCE public.sucursal_cuba_id_seq;
DROP TABLE public.sucursal_cuba;
DROP SEQUENCE public.solicitud_ppa_proxy_id_seq;
DROP TABLE public.solicitud_ppa_proxy;
DROP SEQUENCE public.solicitud_ppa_proveedor_id_seq;
DROP TABLE public.solicitud_ppa_proveedor;
DROP SEQUENCE public.solicitud_ppa_numsolicitud_seq;
DROP TABLE public.solicitud_ppa;
DROP SEQUENCE public.solicitud_neumatico_proxy_id_seq;
DROP TABLE public.solicitud_neumatico_proxy;
DROP SEQUENCE public.solicitud_neumatico_proveedor_id_seq;
DROP TABLE public.solicitud_neumatico_proveedor;
DROP SEQUENCE public.solicitud_neumatico_numsolicitud_seq;
DROP TABLE public.solicitud_neumatico;
DROP SEQUENCE public.solicitud_equipo_proxy_id_seq;
DROP TABLE public.solicitud_equipo_proxy;
DROP SEQUENCE public.solicitud_equipo_proveedor_id_seq;
DROP TABLE public.solicitud_equipo_proveedor;
DROP SEQUENCE public.solicitud_equipo_numsolicitud_seq;
DROP TABLE public.solicitud_equipo;
DROP SEQUENCE public.solicitud_bateria_proxy_id_seq;
DROP TABLE public.solicitud_bateria_proxy;
DROP SEQUENCE public.solicitud_bateria_proveedor_id_seq;
DROP TABLE public.solicitud_bateria_proveedor;
DROP SEQUENCE public.solicitud_bateria_numsolicitud_seq;
DROP TABLE public.solicitud_bateria;
DROP SEQUENCE public.reports_savedreport_id_seq;
DROP TABLE public.reports_savedreport;
DROP TABLE public.provincia;
DROP SEQUENCE public.proveedor_ppa_id_seq;
DROP TABLE public.proveedor_ppa;
DROP SEQUENCE public.proveedor_neumaticos_id_seq;
DROP TABLE public.proveedor_neumaticos;
DROP SEQUENCE public.proveedor_marca_id_seq;
DROP TABLE public.proveedor_marca;
DROP SEQUENCE public.proveedor_equipos_id_seq;
DROP TABLE public.proveedor_equipos;
DROP SEQUENCE public.proveedor_baterias_id_seq;
DROP TABLE public.proveedor_baterias;
DROP TABLE public.proveedor;
DROP SEQUENCE public.ppa_equipo_id_seq;
DROP TABLE public.ppa_equipo;
DROP TABLE public.ppa;
DROP TABLE public.pais;
DROP SEQUENCE public.oferta_ppa_proxy_id_seq;
DROP TABLE public.oferta_ppa_proxy;
DROP SEQUENCE public.oferta_ppa_numero_seq;
DROP TABLE public.oferta_ppa;
DROP SEQUENCE public.oferta_neumaticos_numero_seq;
DROP TABLE public.oferta_neumaticos;
DROP SEQUENCE public.oferta_neumatico_proxy_id_seq;
DROP TABLE public.oferta_neumatico_proxy;
DROP SEQUENCE public.oferta_equipo_proxy_id_seq;
DROP TABLE public.oferta_equipo_proxy;
DROP SEQUENCE public.oferta_equipo_numero_seq;
DROP TABLE public.oferta_equipo;
DROP SEQUENCE public.oferta_baterias_numero_seq;
DROP TABLE public.oferta_baterias;
DROP SEQUENCE public.oferta_bateria_proxy_id_seq;
DROP TABLE public.oferta_bateria_proxy;
DROP TABLE public.neumatico;
DROP TABLE public.ministerio;
DROP SEQUENCE public.marca_codigomarca_seq;
DROP TABLE public.marca;
DROP TABLE public.equipo;
DROP SEQUENCE public.django_site_id_seq;
DROP TABLE public.django_site;
DROP TABLE public.django_session;
DROP SEQUENCE public.django_migrations_id_seq;
DROP TABLE public.django_migrations;
DROP SEQUENCE public.django_content_type_id_seq;
DROP TABLE public.django_content_type;
DROP SEQUENCE public.django_admin_log_id_seq;
DROP TABLE public.django_admin_log;
DROP TABLE public.cliente;
DROP SEQUENCE public.casa_matriz_id_seq;
DROP TABLE public.casa_matriz;
DROP TABLE public.bateria;
DROP SEQUENCE public.auth_user_user_permissions_id_seq;
DROP TABLE public.auth_user_user_permissions;
DROP SEQUENCE public.auth_user_id_seq;
DROP SEQUENCE public.auth_user_groups_id_seq;
DROP TABLE public.auth_user_groups;
DROP TABLE public.auth_user;
DROP SEQUENCE public.auth_permission_id_seq;
DROP TABLE public.auth_permission;
DROP SEQUENCE public.auth_group_permissions_id_seq;
DROP TABLE public.auth_group_permissions;
DROP SEQUENCE public.auth_group_id_seq;
DROP TABLE public.auth_group;
DROP SEQUENCE public.account_signupcoderesult_id_seq;
DROP TABLE public.account_signupcoderesult;
DROP SEQUENCE public.account_signupcode_id_seq;
DROP TABLE public.account_signupcode;
DROP SEQUENCE public.account_passwordhistory_id_seq;
DROP TABLE public.account_passwordhistory;
DROP SEQUENCE public.account_passwordexpiry_id_seq;
DROP TABLE public.account_passwordexpiry;
DROP SEQUENCE public.account_emailconfirmation_id_seq;
DROP TABLE public.account_emailconfirmation;
DROP SEQUENCE public.account_emailaddress_id_seq;
DROP TABLE public.account_emailaddress;
DROP SEQUENCE public.account_accountdeletion_id_seq;
DROP TABLE public.account_accountdeletion;
DROP SEQUENCE public.account_account_id_seq;
DROP TABLE public.account_account;
DROP SEQUENCE public."Trazas_logentry_id_seq";
DROP TABLE public."Trazas_logentry";
DROP SEQUENCE public."Salvas_salvas_id_seq";
DROP TABLE public."Salvas_salvas";
DROP SEQUENCE public."Reportes_reporte_solicitud_id_seq";
DROP TABLE public."Reportes_reporte_solicitud";
DROP SEQUENCE public."Reportes_reporte_proveedor_id_seq";
DROP TABLE public."Reportes_reporte_proveedor";
DROP TABLE public."OSDE";
DROP SEQUENCE public."Datos_salvas_restauras_id_seq";
DROP TABLE public."Datos_salvas_restauras";
DROP SEQUENCE public."Dashboard_order_id_seq";
DROP TABLE public."Dashboard_order";
DROP SEQUENCE public."Dashboard_dashboard_id_seq";
DROP TABLE public."Dashboard_dashboard";
SET default_tablespace = '';

SET default_table_access_method = heap;

--
-- Name: Dashboard_dashboard; Type: TABLE; Schema: public; Owner: const
--

CREATE TABLE public."Dashboard_dashboard" (
    id bigint NOT NULL
);


ALTER TABLE public."Dashboard_dashboard" OWNER TO const;

--
-- Name: Dashboard_dashboard_id_seq; Type: SEQUENCE; Schema: public; Owner: const
--

CREATE SEQUENCE public."Dashboard_dashboard_id_seq"
    START WITH 1
    INCREMENT BY 1
    NO MINVALUE
    NO MAXVALUE
    CACHE 1;


ALTER TABLE public."Dashboard_dashboard_id_seq" OWNER TO const;

--
-- Name: Dashboard_dashboard_id_seq; Type: SEQUENCE OWNED BY; Schema: public; Owner: const
--

ALTER SEQUENCE public."Dashboard_dashboard_id_seq" OWNED BY public."Dashboard_dashboard".id;


--
-- Name: Dashboard_order; Type: TABLE; Schema: public; Owner: const
--

CREATE TABLE public."Dashboard_order" (
    id bigint NOT NULL,
    product_category character varying(20) NOT NULL,
    payment_method character varying(50) NOT NULL,
    shipping_cost character varying(50) NOT NULL,
    unit_price numeric(5,2) NOT NULL
);


ALTER TABLE public."Dashboard_order" OWNER TO const;

--
-- Name: Dashboard_order_id_seq; Type: SEQUENCE; Schema: public; Owner: const
--

CREATE SEQUENCE public."Dashboard_order_id_seq"
    START WITH 1
    INCREMENT BY 1
    NO MINVALUE
    NO MAXVALUE
    CACHE 1;


ALTER TABLE public."Dashboard_order_id_seq" OWNER TO const;

--
-- Name: Dashboard_order_id_seq; Type: SEQUENCE OWNED BY; Schema: public; Owner: const
--

ALTER SEQUENCE public."Dashboard_order_id_seq" OWNED BY public."Dashboard_order".id;


--
-- Name: Datos_salvas_restauras; Type: TABLE; Schema: public; Owner: const
--

CREATE TABLE public."Datos_salvas_restauras" (
    id bigint NOT NULL
);


ALTER TABLE public."Datos_salvas_restauras" OWNER TO const;

--
-- Name: Datos_salvas_restauras_id_seq; Type: SEQUENCE; Schema: public; Owner: const
--

CREATE SEQUENCE public."Datos_salvas_restauras_id_seq"
    START WITH 1
    INCREMENT BY 1
    NO MINVALUE
    NO MAXVALUE
    CACHE 1;


ALTER TABLE public."Datos_salvas_restauras_id_seq" OWNER TO const;

--
-- Name: Datos_salvas_restauras_id_seq; Type: SEQUENCE OWNED BY; Schema: public; Owner: const
--

ALTER SEQUENCE public."Datos_salvas_restauras_id_seq" OWNED BY public."Datos_salvas_restauras".id;


--
-- Name: OSDE; Type: TABLE; Schema: public; Owner: const
--

CREATE TABLE public."OSDE" (
    reeup character varying(11) NOT NULL,
    nombre character varying(100) NOT NULL,
    siglas character varying(15) NOT NULL,
    direccion character varying(100) NOT NULL,
    correo character varying(254) NOT NULL,
    telefono integer NOT NULL,
    ministerio_id character varying(11) NOT NULL
);


ALTER TABLE public."OSDE" OWNER TO const;

--
-- Name: Reportes_reporte_proveedor; Type: TABLE; Schema: public; Owner: const
--

CREATE TABLE public."Reportes_reporte_proveedor" (
    id bigint NOT NULL
);


ALTER TABLE public."Reportes_reporte_proveedor" OWNER TO const;

--
-- Name: Reportes_reporte_proveedor_id_seq; Type: SEQUENCE; Schema: public; Owner: const
--

CREATE SEQUENCE public."Reportes_reporte_proveedor_id_seq"
    START WITH 1
    INCREMENT BY 1
    NO MINVALUE
    NO MAXVALUE
    CACHE 1;


ALTER TABLE public."Reportes_reporte_proveedor_id_seq" OWNER TO const;

--
-- Name: Reportes_reporte_proveedor_id_seq; Type: SEQUENCE OWNED BY; Schema: public; Owner: const
--

ALTER SEQUENCE public."Reportes_reporte_proveedor_id_seq" OWNED BY public."Reportes_reporte_proveedor".id;


--
-- Name: Reportes_reporte_solicitud; Type: TABLE; Schema: public; Owner: const
--

CREATE TABLE public."Reportes_reporte_solicitud" (
    id bigint NOT NULL
);


ALTER TABLE public."Reportes_reporte_solicitud" OWNER TO const;

--
-- Name: Reportes_reporte_solicitud_id_seq; Type: SEQUENCE; Schema: public; Owner: const
--

CREATE SEQUENCE public."Reportes_reporte_solicitud_id_seq"
    START WITH 1
    INCREMENT BY 1
    NO MINVALUE
    NO MAXVALUE
    CACHE 1;


ALTER TABLE public."Reportes_reporte_solicitud_id_seq" OWNER TO const;

--
-- Name: Reportes_reporte_solicitud_id_seq; Type: SEQUENCE OWNED BY; Schema: public; Owner: const
--

ALTER SEQUENCE public."Reportes_reporte_solicitud_id_seq" OWNED BY public."Reportes_reporte_solicitud".id;


--
-- Name: Salvas_salvas; Type: TABLE; Schema: public; Owner: const
--

CREATE TABLE public."Salvas_salvas" (
    id bigint NOT NULL
);


ALTER TABLE public."Salvas_salvas" OWNER TO const;

--
-- Name: Salvas_salvas_id_seq; Type: SEQUENCE; Schema: public; Owner: const
--

CREATE SEQUENCE public."Salvas_salvas_id_seq"
    START WITH 1
    INCREMENT BY 1
    NO MINVALUE
    NO MAXVALUE
    CACHE 1;


ALTER TABLE public."Salvas_salvas_id_seq" OWNER TO const;

--
-- Name: Salvas_salvas_id_seq; Type: SEQUENCE OWNED BY; Schema: public; Owner: const
--

ALTER SEQUENCE public."Salvas_salvas_id_seq" OWNED BY public."Salvas_salvas".id;


--
-- Name: Trazas_logentry; Type: TABLE; Schema: public; Owner: const
--

CREATE TABLE public."Trazas_logentry" (
    id bigint NOT NULL
);


ALTER TABLE public."Trazas_logentry" OWNER TO const;

--
-- Name: Trazas_logentry_id_seq; Type: SEQUENCE; Schema: public; Owner: const
--

CREATE SEQUENCE public."Trazas_logentry_id_seq"
    START WITH 1
    INCREMENT BY 1
    NO MINVALUE
    NO MAXVALUE
    CACHE 1;


ALTER TABLE public."Trazas_logentry_id_seq" OWNER TO const;

--
-- Name: Trazas_logentry_id_seq; Type: SEQUENCE OWNED BY; Schema: public; Owner: const
--

ALTER SEQUENCE public."Trazas_logentry_id_seq" OWNED BY public."Trazas_logentry".id;


--
-- Name: account_account; Type: TABLE; Schema: public; Owner: const
--

CREATE TABLE public.account_account (
    id bigint NOT NULL,
    timezone character varying(100) NOT NULL,
    language character varying(10) NOT NULL,
    user_id integer NOT NULL
);


ALTER TABLE public.account_account OWNER TO const;

--
-- Name: account_account_id_seq; Type: SEQUENCE; Schema: public; Owner: const
--

CREATE SEQUENCE public.account_account_id_seq
    START WITH 1
    INCREMENT BY 1
    NO MINVALUE
    NO MAXVALUE
    CACHE 1;


ALTER TABLE public.account_account_id_seq OWNER TO const;

--
-- Name: account_account_id_seq; Type: SEQUENCE OWNED BY; Schema: public; Owner: const
--

ALTER SEQUENCE public.account_account_id_seq OWNED BY public.account_account.id;


--
-- Name: account_accountdeletion; Type: TABLE; Schema: public; Owner: const
--

CREATE TABLE public.account_accountdeletion (
    id bigint NOT NULL,
    email character varying(254) NOT NULL,
    date_requested timestamp with time zone NOT NULL,
    date_expunged timestamp with time zone,
    user_id integer
);


ALTER TABLE public.account_accountdeletion OWNER TO const;

--
-- Name: account_accountdeletion_id_seq; Type: SEQUENCE; Schema: public; Owner: const
--

CREATE SEQUENCE public.account_accountdeletion_id_seq
    START WITH 1
    INCREMENT BY 1
    NO MINVALUE
    NO MAXVALUE
    CACHE 1;


ALTER TABLE public.account_accountdeletion_id_seq OWNER TO const;

--
-- Name: account_accountdeletion_id_seq; Type: SEQUENCE OWNED BY; Schema: public; Owner: const
--

ALTER SEQUENCE public.account_accountdeletion_id_seq OWNED BY public.account_accountdeletion.id;


--
-- Name: account_emailaddress; Type: TABLE; Schema: public; Owner: const
--

CREATE TABLE public.account_emailaddress (
    id bigint NOT NULL,
    email character varying(254) NOT NULL,
    verified boolean NOT NULL,
    "primary" boolean NOT NULL,
    user_id integer NOT NULL
);


ALTER TABLE public.account_emailaddress OWNER TO const;

--
-- Name: account_emailaddress_id_seq; Type: SEQUENCE; Schema: public; Owner: const
--

CREATE SEQUENCE public.account_emailaddress_id_seq
    START WITH 1
    INCREMENT BY 1
    NO MINVALUE
    NO MAXVALUE
    CACHE 1;


ALTER TABLE public.account_emailaddress_id_seq OWNER TO const;

--
-- Name: account_emailaddress_id_seq; Type: SEQUENCE OWNED BY; Schema: public; Owner: const
--

ALTER SEQUENCE public.account_emailaddress_id_seq OWNED BY public.account_emailaddress.id;


--
-- Name: account_emailconfirmation; Type: TABLE; Schema: public; Owner: const
--

CREATE TABLE public.account_emailconfirmation (
    id bigint NOT NULL,
    created timestamp with time zone NOT NULL,
    sent timestamp with time zone,
    key character varying(64) NOT NULL,
    email_address_id bigint NOT NULL
);


ALTER TABLE public.account_emailconfirmation OWNER TO const;

--
-- Name: account_emailconfirmation_id_seq; Type: SEQUENCE; Schema: public; Owner: const
--

CREATE SEQUENCE public.account_emailconfirmation_id_seq
    START WITH 1
    INCREMENT BY 1
    NO MINVALUE
    NO MAXVALUE
    CACHE 1;


ALTER TABLE public.account_emailconfirmation_id_seq OWNER TO const;

--
-- Name: account_emailconfirmation_id_seq; Type: SEQUENCE OWNED BY; Schema: public; Owner: const
--

ALTER SEQUENCE public.account_emailconfirmation_id_seq OWNED BY public.account_emailconfirmation.id;


--
-- Name: account_passwordexpiry; Type: TABLE; Schema: public; Owner: const
--

CREATE TABLE public.account_passwordexpiry (
    id bigint NOT NULL,
    expiry integer NOT NULL,
    user_id integer NOT NULL,
    CONSTRAINT account_passwordexpiry_expiry_check CHECK ((expiry >= 0))
);


ALTER TABLE public.account_passwordexpiry OWNER TO const;

--
-- Name: account_passwordexpiry_id_seq; Type: SEQUENCE; Schema: public; Owner: const
--

CREATE SEQUENCE public.account_passwordexpiry_id_seq
    START WITH 1
    INCREMENT BY 1
    NO MINVALUE
    NO MAXVALUE
    CACHE 1;


ALTER TABLE public.account_passwordexpiry_id_seq OWNER TO const;

--
-- Name: account_passwordexpiry_id_seq; Type: SEQUENCE OWNED BY; Schema: public; Owner: const
--

ALTER SEQUENCE public.account_passwordexpiry_id_seq OWNED BY public.account_passwordexpiry.id;


--
-- Name: account_passwordhistory; Type: TABLE; Schema: public; Owner: const
--

CREATE TABLE public.account_passwordhistory (
    id bigint NOT NULL,
    password character varying(255) NOT NULL,
    "timestamp" timestamp with time zone NOT NULL,
    user_id integer NOT NULL
);


ALTER TABLE public.account_passwordhistory OWNER TO const;

--
-- Name: account_passwordhistory_id_seq; Type: SEQUENCE; Schema: public; Owner: const
--

CREATE SEQUENCE public.account_passwordhistory_id_seq
    START WITH 1
    INCREMENT BY 1
    NO MINVALUE
    NO MAXVALUE
    CACHE 1;


ALTER TABLE public.account_passwordhistory_id_seq OWNER TO const;

--
-- Name: account_passwordhistory_id_seq; Type: SEQUENCE OWNED BY; Schema: public; Owner: const
--

ALTER SEQUENCE public.account_passwordhistory_id_seq OWNED BY public.account_passwordhistory.id;


--
-- Name: account_signupcode; Type: TABLE; Schema: public; Owner: const
--

CREATE TABLE public.account_signupcode (
    id bigint NOT NULL,
    code character varying(64) NOT NULL,
    max_uses integer NOT NULL,
    expiry timestamp with time zone,
    email character varying(254) NOT NULL,
    notes text NOT NULL,
    sent timestamp with time zone,
    created timestamp with time zone NOT NULL,
    use_count integer NOT NULL,
    inviter_id integer,
    CONSTRAINT account_signupcode_max_uses_check CHECK ((max_uses >= 0)),
    CONSTRAINT account_signupcode_use_count_check CHECK ((use_count >= 0))
);


ALTER TABLE public.account_signupcode OWNER TO const;

--
-- Name: account_signupcode_id_seq; Type: SEQUENCE; Schema: public; Owner: const
--

CREATE SEQUENCE public.account_signupcode_id_seq
    START WITH 1
    INCREMENT BY 1
    NO MINVALUE
    NO MAXVALUE
    CACHE 1;


ALTER TABLE public.account_signupcode_id_seq OWNER TO const;

--
-- Name: account_signupcode_id_seq; Type: SEQUENCE OWNED BY; Schema: public; Owner: const
--

ALTER SEQUENCE public.account_signupcode_id_seq OWNED BY public.account_signupcode.id;


--
-- Name: account_signupcoderesult; Type: TABLE; Schema: public; Owner: const
--

CREATE TABLE public.account_signupcoderesult (
    id bigint NOT NULL,
    "timestamp" timestamp with time zone NOT NULL,
    signup_code_id bigint NOT NULL,
    user_id integer NOT NULL
);


ALTER TABLE public.account_signupcoderesult OWNER TO const;

--
-- Name: account_signupcoderesult_id_seq; Type: SEQUENCE; Schema: public; Owner: const
--

CREATE SEQUENCE public.account_signupcoderesult_id_seq
    START WITH 1
    INCREMENT BY 1
    NO MINVALUE
    NO MAXVALUE
    CACHE 1;


ALTER TABLE public.account_signupcoderesult_id_seq OWNER TO const;

--
-- Name: account_signupcoderesult_id_seq; Type: SEQUENCE OWNED BY; Schema: public; Owner: const
--

ALTER SEQUENCE public.account_signupcoderesult_id_seq OWNED BY public.account_signupcoderesult.id;


--
-- Name: auth_group; Type: TABLE; Schema: public; Owner: const
--

CREATE TABLE public.auth_group (
    id integer NOT NULL,
    name character varying(150) NOT NULL
);


ALTER TABLE public.auth_group OWNER TO const;

--
-- Name: auth_group_id_seq; Type: SEQUENCE; Schema: public; Owner: const
--

CREATE SEQUENCE public.auth_group_id_seq
    AS integer
    START WITH 1
    INCREMENT BY 1
    NO MINVALUE
    NO MAXVALUE
    CACHE 1;


ALTER TABLE public.auth_group_id_seq OWNER TO const;

--
-- Name: auth_group_id_seq; Type: SEQUENCE OWNED BY; Schema: public; Owner: const
--

ALTER SEQUENCE public.auth_group_id_seq OWNED BY public.auth_group.id;


--
-- Name: auth_group_permissions; Type: TABLE; Schema: public; Owner: const
--

CREATE TABLE public.auth_group_permissions (
    id bigint NOT NULL,
    group_id integer NOT NULL,
    permission_id integer NOT NULL
);


ALTER TABLE public.auth_group_permissions OWNER TO const;

--
-- Name: auth_group_permissions_id_seq; Type: SEQUENCE; Schema: public; Owner: const
--

CREATE SEQUENCE public.auth_group_permissions_id_seq
    START WITH 1
    INCREMENT BY 1
    NO MINVALUE
    NO MAXVALUE
    CACHE 1;


ALTER TABLE public.auth_group_permissions_id_seq OWNER TO const;

--
-- Name: auth_group_permissions_id_seq; Type: SEQUENCE OWNED BY; Schema: public; Owner: const
--

ALTER SEQUENCE public.auth_group_permissions_id_seq OWNED BY public.auth_group_permissions.id;


--
-- Name: auth_permission; Type: TABLE; Schema: public; Owner: const
--

CREATE TABLE public.auth_permission (
    id integer NOT NULL,
    name character varying(255) NOT NULL,
    codename character varying(100) NOT NULL,
    content_type_id integer NOT NULL
);


ALTER TABLE public.auth_permission OWNER TO const;

--
-- Name: auth_permission_id_seq; Type: SEQUENCE; Schema: public; Owner: const
--

CREATE SEQUENCE public.auth_permission_id_seq
    AS integer
    START WITH 1
    INCREMENT BY 1
    NO MINVALUE
    NO MAXVALUE
    CACHE 1;


ALTER TABLE public.auth_permission_id_seq OWNER TO const;

--
-- Name: auth_permission_id_seq; Type: SEQUENCE OWNED BY; Schema: public; Owner: const
--

ALTER SEQUENCE public.auth_permission_id_seq OWNED BY public.auth_permission.id;


--
-- Name: auth_user; Type: TABLE; Schema: public; Owner: const
--

CREATE TABLE public.auth_user (
    id integer NOT NULL,
    password character varying(128) NOT NULL,
    last_login timestamp with time zone,
    is_superuser boolean NOT NULL,
    username character varying(20) NOT NULL,
    first_name character varying(30) NOT NULL,
    last_name character varying(30) NOT NULL,
    email character varying(254) NOT NULL,
    is_staff boolean NOT NULL,
    is_active boolean NOT NULL,
    date_joined timestamp with time zone NOT NULL
);


ALTER TABLE public.auth_user OWNER TO const;

--
-- Name: auth_user_groups; Type: TABLE; Schema: public; Owner: const
--

CREATE TABLE public.auth_user_groups (
    id bigint NOT NULL,
    user_id integer NOT NULL,
    group_id integer NOT NULL
);


ALTER TABLE public.auth_user_groups OWNER TO const;

--
-- Name: auth_user_groups_id_seq; Type: SEQUENCE; Schema: public; Owner: const
--

CREATE SEQUENCE public.auth_user_groups_id_seq
    START WITH 1
    INCREMENT BY 1
    NO MINVALUE
    NO MAXVALUE
    CACHE 1;


ALTER TABLE public.auth_user_groups_id_seq OWNER TO const;

--
-- Name: auth_user_groups_id_seq; Type: SEQUENCE OWNED BY; Schema: public; Owner: const
--

ALTER SEQUENCE public.auth_user_groups_id_seq OWNED BY public.auth_user_groups.id;


--
-- Name: auth_user_id_seq; Type: SEQUENCE; Schema: public; Owner: const
--

CREATE SEQUENCE public.auth_user_id_seq
    AS integer
    START WITH 1
    INCREMENT BY 1
    NO MINVALUE
    NO MAXVALUE
    CACHE 1;


ALTER TABLE public.auth_user_id_seq OWNER TO const;

--
-- Name: auth_user_id_seq; Type: SEQUENCE OWNED BY; Schema: public; Owner: const
--

ALTER SEQUENCE public.auth_user_id_seq OWNED BY public.auth_user.id;


--
-- Name: auth_user_user_permissions; Type: TABLE; Schema: public; Owner: const
--

CREATE TABLE public.auth_user_user_permissions (
    id bigint NOT NULL,
    user_id integer NOT NULL,
    permission_id integer NOT NULL
);


ALTER TABLE public.auth_user_user_permissions OWNER TO const;

--
-- Name: auth_user_user_permissions_id_seq; Type: SEQUENCE; Schema: public; Owner: const
--

CREATE SEQUENCE public.auth_user_user_permissions_id_seq
    START WITH 1
    INCREMENT BY 1
    NO MINVALUE
    NO MAXVALUE
    CACHE 1;


ALTER TABLE public.auth_user_user_permissions_id_seq OWNER TO const;

--
-- Name: auth_user_user_permissions_id_seq; Type: SEQUENCE OWNED BY; Schema: public; Owner: const
--

ALTER SEQUENCE public.auth_user_user_permissions_id_seq OWNED BY public.auth_user_user_permissions.id;


--
-- Name: bateria; Type: TABLE; Schema: public; Owner: const
--

CREATE TABLE public.bateria (
    idproducto character varying(50) NOT NULL,
    descripcion character varying(50) NOT NULL,
    codigoum character varying(5) NOT NULL,
    voltaje double precision NOT NULL,
    amperaje double precision NOT NULL,
    codigomarca integer NOT NULL
);


ALTER TABLE public.bateria OWNER TO const;

--
-- Name: casa_matriz; Type: TABLE; Schema: public; Owner: const
--

CREATE TABLE public.casa_matriz (
    id bigint NOT NULL,
    direccion character varying(100) NOT NULL,
    email character varying(254) NOT NULL,
    telefono bigint NOT NULL,
    contacto character varying(150) NOT NULL,
    sitio_web character varying(60) NOT NULL,
    codmincex character varying(7) NOT NULL
);


ALTER TABLE public.casa_matriz OWNER TO const;

--
-- Name: casa_matriz_id_seq; Type: SEQUENCE; Schema: public; Owner: const
--

CREATE SEQUENCE public.casa_matriz_id_seq
    START WITH 1
    INCREMENT BY 1
    NO MINVALUE
    NO MAXVALUE
    CACHE 1;


ALTER TABLE public.casa_matriz_id_seq OWNER TO const;

--
-- Name: casa_matriz_id_seq; Type: SEQUENCE OWNED BY; Schema: public; Owner: const
--

ALTER SEQUENCE public.casa_matriz_id_seq OWNED BY public.casa_matriz.id;


--
-- Name: cliente; Type: TABLE; Schema: public; Owner: const
--

CREATE TABLE public.cliente (
    codigoprovincia character varying(3) NOT NULL,
    correo character varying(254) NOT NULL,
    direccion character varying(100) NOT NULL,
    nombre character varying(100) NOT NULL,
    reeup character varying(11) NOT NULL,
    siglas character varying(15) NOT NULL,
    telefono integer NOT NULL,
    representante character varying(40) NOT NULL,
    "OSDE_id" character varying(11) NOT NULL,
    fecha_contrato date NOT NULL
);


ALTER TABLE public.cliente OWNER TO const;

--
-- Name: django_admin_log; Type: TABLE; Schema: public; Owner: const
--

CREATE TABLE public.django_admin_log (
    id integer NOT NULL,
    action_time timestamp with time zone NOT NULL,
    object_id text,
    object_repr character varying(200) NOT NULL,
    action_flag smallint NOT NULL,
    change_message text NOT NULL,
    content_type_id integer,
    user_id integer NOT NULL,
    ip inet NOT NULL,
    CONSTRAINT django_admin_log_action_flag_check CHECK ((action_flag >= 0))
);


ALTER TABLE public.django_admin_log OWNER TO const;

--
-- Name: django_admin_log_id_seq; Type: SEQUENCE; Schema: public; Owner: const
--

CREATE SEQUENCE public.django_admin_log_id_seq
    AS integer
    START WITH 1
    INCREMENT BY 1
    NO MINVALUE
    NO MAXVALUE
    CACHE 1;


ALTER TABLE public.django_admin_log_id_seq OWNER TO const;

--
-- Name: django_admin_log_id_seq; Type: SEQUENCE OWNED BY; Schema: public; Owner: const
--

ALTER SEQUENCE public.django_admin_log_id_seq OWNED BY public.django_admin_log.id;


--
-- Name: django_content_type; Type: TABLE; Schema: public; Owner: const
--

CREATE TABLE public.django_content_type (
    id integer NOT NULL,
    app_label character varying(100) NOT NULL,
    model character varying(100) NOT NULL
);


ALTER TABLE public.django_content_type OWNER TO const;

--
-- Name: django_content_type_id_seq; Type: SEQUENCE; Schema: public; Owner: const
--

CREATE SEQUENCE public.django_content_type_id_seq
    AS integer
    START WITH 1
    INCREMENT BY 1
    NO MINVALUE
    NO MAXVALUE
    CACHE 1;


ALTER TABLE public.django_content_type_id_seq OWNER TO const;

--
-- Name: django_content_type_id_seq; Type: SEQUENCE OWNED BY; Schema: public; Owner: const
--

ALTER SEQUENCE public.django_content_type_id_seq OWNED BY public.django_content_type.id;


--
-- Name: django_migrations; Type: TABLE; Schema: public; Owner: const
--

CREATE TABLE public.django_migrations (
    id bigint NOT NULL,
    app character varying(255) NOT NULL,
    name character varying(255) NOT NULL,
    applied timestamp with time zone NOT NULL
);


ALTER TABLE public.django_migrations OWNER TO const;

--
-- Name: django_migrations_id_seq; Type: SEQUENCE; Schema: public; Owner: const
--

CREATE SEQUENCE public.django_migrations_id_seq
    START WITH 1
    INCREMENT BY 1
    NO MINVALUE
    NO MAXVALUE
    CACHE 1;


ALTER TABLE public.django_migrations_id_seq OWNER TO const;

--
-- Name: django_migrations_id_seq; Type: SEQUENCE OWNED BY; Schema: public; Owner: const
--

ALTER SEQUENCE public.django_migrations_id_seq OWNED BY public.django_migrations.id;


--
-- Name: django_session; Type: TABLE; Schema: public; Owner: const
--

CREATE TABLE public.django_session (
    session_key character varying(40) NOT NULL,
    session_data text NOT NULL,
    expire_date timestamp with time zone NOT NULL
);


ALTER TABLE public.django_session OWNER TO const;

--
-- Name: django_site; Type: TABLE; Schema: public; Owner: const
--

CREATE TABLE public.django_site (
    id integer NOT NULL,
    domain character varying(100) NOT NULL,
    name character varying(50) NOT NULL
);


ALTER TABLE public.django_site OWNER TO const;

--
-- Name: django_site_id_seq; Type: SEQUENCE; Schema: public; Owner: const
--

CREATE SEQUENCE public.django_site_id_seq
    AS integer
    START WITH 1
    INCREMENT BY 1
    NO MINVALUE
    NO MAXVALUE
    CACHE 1;


ALTER TABLE public.django_site_id_seq OWNER TO const;

--
-- Name: django_site_id_seq; Type: SEQUENCE OWNED BY; Schema: public; Owner: const
--

ALTER SEQUENCE public.django_site_id_seq OWNED BY public.django_site.id;


--
-- Name: equipo; Type: TABLE; Schema: public; Owner: const
--

CREATE TABLE public.equipo (
    idproducto character varying(50) NOT NULL,
    descripcion character varying(50) NOT NULL,
    codigoum character varying(5) NOT NULL,
    modelo character varying(30) NOT NULL,
    codigomarca integer NOT NULL
);


ALTER TABLE public.equipo OWNER TO const;

--
-- Name: marca; Type: TABLE; Schema: public; Owner: const
--

CREATE TABLE public.marca (
    codigomarca integer NOT NULL,
    nommarca character varying(30) NOT NULL,
    codigopais character varying(20) NOT NULL
);


ALTER TABLE public.marca OWNER TO const;

--
-- Name: marca_codigomarca_seq; Type: SEQUENCE; Schema: public; Owner: const
--

CREATE SEQUENCE public.marca_codigomarca_seq
    AS integer
    START WITH 1
    INCREMENT BY 1
    NO MINVALUE
    NO MAXVALUE
    CACHE 1;


ALTER TABLE public.marca_codigomarca_seq OWNER TO const;

--
-- Name: marca_codigomarca_seq; Type: SEQUENCE OWNED BY; Schema: public; Owner: const
--

ALTER SEQUENCE public.marca_codigomarca_seq OWNED BY public.marca.codigomarca;


--
-- Name: marca_codigomarca_seq1; Type: SEQUENCE; Schema: public; Owner: const
--

ALTER TABLE public.marca ALTER COLUMN codigomarca ADD GENERATED ALWAYS AS IDENTITY (
    SEQUENCE NAME public.marca_codigomarca_seq1
    START WITH 1
    INCREMENT BY 1
    NO MINVALUE
    NO MAXVALUE
    CACHE 1
);


--
-- Name: ministerio; Type: TABLE; Schema: public; Owner: const
--

CREATE TABLE public.ministerio (
    reeup character varying(11) NOT NULL,
    nombre character varying(100) NOT NULL,
    siglas character varying(15) NOT NULL,
    direccion character varying(100) NOT NULL,
    correo character varying(254) NOT NULL,
    telefono integer NOT NULL
);


ALTER TABLE public.ministerio OWNER TO const;

--
-- Name: neumatico; Type: TABLE; Schema: public; Owner: const
--

CREATE TABLE public.neumatico (
    idproducto character varying(50) NOT NULL,
    descripcion character varying(50) NOT NULL,
    codigoum character varying(5) NOT NULL,
    diametro double precision NOT NULL,
    grosor double precision NOT NULL,
    codigomarca integer NOT NULL
);


ALTER TABLE public.neumatico OWNER TO const;

--
-- Name: oferta_bateria_proxy; Type: TABLE; Schema: public; Owner: const
--

CREATE TABLE public.oferta_bateria_proxy (
    id bigint NOT NULL,
    cantidad integer NOT NULL,
    precio double precision,
    importe double precision,
    idproducto bigint NOT NULL,
    numsolicitud integer NOT NULL
);


ALTER TABLE public.oferta_bateria_proxy OWNER TO const;

--
-- Name: oferta_bateria_proxy_id_seq; Type: SEQUENCE; Schema: public; Owner: const
--

CREATE SEQUENCE public.oferta_bateria_proxy_id_seq
    START WITH 1
    INCREMENT BY 1
    NO MINVALUE
    NO MAXVALUE
    CACHE 1;


ALTER TABLE public.oferta_bateria_proxy_id_seq OWNER TO const;

--
-- Name: oferta_bateria_proxy_id_seq; Type: SEQUENCE OWNED BY; Schema: public; Owner: const
--

ALTER SEQUENCE public.oferta_bateria_proxy_id_seq OWNED BY public.oferta_bateria_proxy.id;


--
-- Name: oferta_baterias; Type: TABLE; Schema: public; Owner: const
--

CREATE TABLE public.oferta_baterias (
    numero integer NOT NULL,
    fecha date NOT NULL,
    validez character varying(30) NOT NULL,
    estado character varying(30) NOT NULL,
    valor_estimado double precision NOT NULL,
    username integer NOT NULL,
    idpais character varying(20),
    codmincex character varying(7) NOT NULL,
    numsolicitud integer NOT NULL,
    monto_total double precision
);


ALTER TABLE public.oferta_baterias OWNER TO const;

--
-- Name: oferta_baterias_numero_seq; Type: SEQUENCE; Schema: public; Owner: const
--

CREATE SEQUENCE public.oferta_baterias_numero_seq
    AS integer
    START WITH 1
    INCREMENT BY 1
    NO MINVALUE
    NO MAXVALUE
    CACHE 1;


ALTER TABLE public.oferta_baterias_numero_seq OWNER TO const;

--
-- Name: oferta_baterias_numero_seq; Type: SEQUENCE OWNED BY; Schema: public; Owner: const
--

ALTER SEQUENCE public.oferta_baterias_numero_seq OWNED BY public.oferta_baterias.numero;


--
-- Name: oferta_equipo; Type: TABLE; Schema: public; Owner: const
--

CREATE TABLE public.oferta_equipo (
    numero integer NOT NULL,
    fecha date NOT NULL,
    validez character varying(30) NOT NULL,
    username integer NOT NULL,
    idpais character varying(20),
    codmincex character varying(7) NOT NULL,
    numsolicitud integer NOT NULL,
    estado character varying(30) NOT NULL,
    valor_estimado double precision NOT NULL,
    monto_total double precision
);


ALTER TABLE public.oferta_equipo OWNER TO const;

--
-- Name: oferta_equipo_numero_seq; Type: SEQUENCE; Schema: public; Owner: const
--

CREATE SEQUENCE public.oferta_equipo_numero_seq
    START WITH 1
    INCREMENT BY 1
    NO MINVALUE
    NO MAXVALUE
    CACHE 1;


ALTER TABLE public.oferta_equipo_numero_seq OWNER TO const;

--
-- Name: oferta_equipo_numero_seq; Type: SEQUENCE OWNED BY; Schema: public; Owner: const
--

ALTER SEQUENCE public.oferta_equipo_numero_seq OWNED BY public.oferta_equipo.numero;


--
-- Name: oferta_equipo_proxy; Type: TABLE; Schema: public; Owner: const
--

CREATE TABLE public.oferta_equipo_proxy (
    id bigint NOT NULL,
    cantidad integer NOT NULL,
    precio double precision,
    importe double precision,
    idproducto bigint NOT NULL,
    numsolicitud integer NOT NULL
);


ALTER TABLE public.oferta_equipo_proxy OWNER TO const;

--
-- Name: oferta_equipo_proxy_id_seq; Type: SEQUENCE; Schema: public; Owner: const
--

CREATE SEQUENCE public.oferta_equipo_proxy_id_seq
    START WITH 1
    INCREMENT BY 1
    NO MINVALUE
    NO MAXVALUE
    CACHE 1;


ALTER TABLE public.oferta_equipo_proxy_id_seq OWNER TO const;

--
-- Name: oferta_equipo_proxy_id_seq; Type: SEQUENCE OWNED BY; Schema: public; Owner: const
--

ALTER SEQUENCE public.oferta_equipo_proxy_id_seq OWNED BY public.oferta_equipo_proxy.id;


--
-- Name: oferta_neumatico_proxy; Type: TABLE; Schema: public; Owner: const
--

CREATE TABLE public.oferta_neumatico_proxy (
    id bigint NOT NULL,
    cantidad integer NOT NULL,
    precio double precision,
    importe double precision,
    idproducto bigint NOT NULL,
    numsolicitud integer NOT NULL
);


ALTER TABLE public.oferta_neumatico_proxy OWNER TO const;

--
-- Name: oferta_neumatico_proxy_id_seq; Type: SEQUENCE; Schema: public; Owner: const
--

CREATE SEQUENCE public.oferta_neumatico_proxy_id_seq
    START WITH 1
    INCREMENT BY 1
    NO MINVALUE
    NO MAXVALUE
    CACHE 1;


ALTER TABLE public.oferta_neumatico_proxy_id_seq OWNER TO const;

--
-- Name: oferta_neumatico_proxy_id_seq; Type: SEQUENCE OWNED BY; Schema: public; Owner: const
--

ALTER SEQUENCE public.oferta_neumatico_proxy_id_seq OWNED BY public.oferta_neumatico_proxy.id;


--
-- Name: oferta_neumaticos; Type: TABLE; Schema: public; Owner: const
--

CREATE TABLE public.oferta_neumaticos (
    numero integer NOT NULL,
    fecha date NOT NULL,
    validez character varying(30) NOT NULL,
    estado character varying(30) NOT NULL,
    valor_estimado double precision NOT NULL,
    username integer NOT NULL,
    idpais character varying(20),
    codmincex character varying(7) NOT NULL,
    numsolicitud integer NOT NULL,
    monto_total double precision
);


ALTER TABLE public.oferta_neumaticos OWNER TO const;

--
-- Name: oferta_neumaticos_numero_seq; Type: SEQUENCE; Schema: public; Owner: const
--

CREATE SEQUENCE public.oferta_neumaticos_numero_seq
    AS integer
    START WITH 1
    INCREMENT BY 1
    NO MINVALUE
    NO MAXVALUE
    CACHE 1;


ALTER TABLE public.oferta_neumaticos_numero_seq OWNER TO const;

--
-- Name: oferta_neumaticos_numero_seq; Type: SEQUENCE OWNED BY; Schema: public; Owner: const
--

ALTER SEQUENCE public.oferta_neumaticos_numero_seq OWNED BY public.oferta_neumaticos.numero;


--
-- Name: oferta_ppa; Type: TABLE; Schema: public; Owner: const
--

CREATE TABLE public.oferta_ppa (
    numero integer NOT NULL,
    fecha date NOT NULL,
    validez character varying(30) NOT NULL,
    estado character varying(30) NOT NULL,
    valor_estimado double precision NOT NULL,
    username integer NOT NULL,
    idpais character varying(20),
    codmincex character varying(7) NOT NULL,
    numsolicitud integer NOT NULL,
    monto_total double precision
);


ALTER TABLE public.oferta_ppa OWNER TO const;

--
-- Name: oferta_ppa_numero_seq; Type: SEQUENCE; Schema: public; Owner: const
--

CREATE SEQUENCE public.oferta_ppa_numero_seq
    AS integer
    START WITH 1
    INCREMENT BY 1
    NO MINVALUE
    NO MAXVALUE
    CACHE 1;


ALTER TABLE public.oferta_ppa_numero_seq OWNER TO const;

--
-- Name: oferta_ppa_numero_seq; Type: SEQUENCE OWNED BY; Schema: public; Owner: const
--

ALTER SEQUENCE public.oferta_ppa_numero_seq OWNED BY public.oferta_ppa.numero;


--
-- Name: oferta_ppa_proxy; Type: TABLE; Schema: public; Owner: const
--

CREATE TABLE public.oferta_ppa_proxy (
    id bigint NOT NULL,
    cantidad integer NOT NULL,
    precio double precision NOT NULL,
    importe double precision NOT NULL,
    idproducto bigint NOT NULL,
    numsolicitud integer NOT NULL
);


ALTER TABLE public.oferta_ppa_proxy OWNER TO const;

--
-- Name: oferta_ppa_proxy_id_seq; Type: SEQUENCE; Schema: public; Owner: const
--

CREATE SEQUENCE public.oferta_ppa_proxy_id_seq
    START WITH 1
    INCREMENT BY 1
    NO MINVALUE
    NO MAXVALUE
    CACHE 1;


ALTER TABLE public.oferta_ppa_proxy_id_seq OWNER TO const;

--
-- Name: oferta_ppa_proxy_id_seq; Type: SEQUENCE OWNED BY; Schema: public; Owner: const
--

ALTER SEQUENCE public.oferta_ppa_proxy_id_seq OWNED BY public.oferta_ppa_proxy.id;


--
-- Name: pais; Type: TABLE; Schema: public; Owner: const
--

CREATE TABLE public.pais (
    codigopais character varying(20) NOT NULL,
    nompais character varying(100) NOT NULL
);


ALTER TABLE public.pais OWNER TO const;

--
-- Name: ppa; Type: TABLE; Schema: public; Owner: const
--

CREATE TABLE public.ppa (
    idproducto character varying(50) NOT NULL,
    descripcion character varying(50) NOT NULL,
    codigoum character varying(5) NOT NULL,
    codigomarca integer NOT NULL
);


ALTER TABLE public.ppa OWNER TO const;

--
-- Name: ppa_equipo; Type: TABLE; Schema: public; Owner: const
--

CREATE TABLE public.ppa_equipo (
    id bigint NOT NULL,
    ppa_id character varying(50) NOT NULL,
    equipo_id character varying(50) NOT NULL
);


ALTER TABLE public.ppa_equipo OWNER TO const;

--
-- Name: ppa_equipo_id_seq; Type: SEQUENCE; Schema: public; Owner: const
--

CREATE SEQUENCE public.ppa_equipo_id_seq
    START WITH 1
    INCREMENT BY 1
    NO MINVALUE
    NO MAXVALUE
    CACHE 1;


ALTER TABLE public.ppa_equipo_id_seq OWNER TO const;

--
-- Name: ppa_equipo_id_seq; Type: SEQUENCE OWNED BY; Schema: public; Owner: const
--

ALTER SEQUENCE public.ppa_equipo_id_seq OWNED BY public.ppa_equipo.id;


--
-- Name: proveedor; Type: TABLE; Schema: public; Owner: const
--

CREATE TABLE public.proveedor (
    codmincex character varying(7) NOT NULL,
    nomproveedor character varying(100) NOT NULL,
    clasificacion text NOT NULL,
    codigopais character varying(20) NOT NULL
);


ALTER TABLE public.proveedor OWNER TO const;

--
-- Name: proveedor_baterias; Type: TABLE; Schema: public; Owner: const
--

CREATE TABLE public.proveedor_baterias (
    id bigint NOT NULL,
    proveedor_id character varying(7) NOT NULL,
    bateria_id character varying(50) NOT NULL
);


ALTER TABLE public.proveedor_baterias OWNER TO const;

--
-- Name: proveedor_baterias_id_seq; Type: SEQUENCE; Schema: public; Owner: const
--

CREATE SEQUENCE public.proveedor_baterias_id_seq
    START WITH 1
    INCREMENT BY 1
    NO MINVALUE
    NO MAXVALUE
    CACHE 1;


ALTER TABLE public.proveedor_baterias_id_seq OWNER TO const;

--
-- Name: proveedor_baterias_id_seq; Type: SEQUENCE OWNED BY; Schema: public; Owner: const
--

ALTER SEQUENCE public.proveedor_baterias_id_seq OWNED BY public.proveedor_baterias.id;


--
-- Name: proveedor_equipos; Type: TABLE; Schema: public; Owner: const
--

CREATE TABLE public.proveedor_equipos (
    id bigint NOT NULL,
    proveedor_id character varying(7) NOT NULL,
    equipo_id character varying(50) NOT NULL
);


ALTER TABLE public.proveedor_equipos OWNER TO const;

--
-- Name: proveedor_equipos_id_seq; Type: SEQUENCE; Schema: public; Owner: const
--

CREATE SEQUENCE public.proveedor_equipos_id_seq
    START WITH 1
    INCREMENT BY 1
    NO MINVALUE
    NO MAXVALUE
    CACHE 1;


ALTER TABLE public.proveedor_equipos_id_seq OWNER TO const;

--
-- Name: proveedor_equipos_id_seq; Type: SEQUENCE OWNED BY; Schema: public; Owner: const
--

ALTER SEQUENCE public.proveedor_equipos_id_seq OWNED BY public.proveedor_equipos.id;


--
-- Name: proveedor_marca; Type: TABLE; Schema: public; Owner: const
--

CREATE TABLE public.proveedor_marca (
    id bigint NOT NULL,
    proveedor_id character varying(7) NOT NULL,
    marca_id integer NOT NULL
);


ALTER TABLE public.proveedor_marca OWNER TO const;

--
-- Name: proveedor_marca_id_seq; Type: SEQUENCE; Schema: public; Owner: const
--

CREATE SEQUENCE public.proveedor_marca_id_seq
    START WITH 1
    INCREMENT BY 1
    NO MINVALUE
    NO MAXVALUE
    CACHE 1;


ALTER TABLE public.proveedor_marca_id_seq OWNER TO const;

--
-- Name: proveedor_marca_id_seq; Type: SEQUENCE OWNED BY; Schema: public; Owner: const
--

ALTER SEQUENCE public.proveedor_marca_id_seq OWNED BY public.proveedor_marca.id;


--
-- Name: proveedor_neumaticos; Type: TABLE; Schema: public; Owner: const
--

CREATE TABLE public.proveedor_neumaticos (
    id bigint NOT NULL,
    proveedor_id character varying(7) NOT NULL,
    neumatico_id character varying(50) NOT NULL
);


ALTER TABLE public.proveedor_neumaticos OWNER TO const;

--
-- Name: proveedor_neumaticos_id_seq; Type: SEQUENCE; Schema: public; Owner: const
--

CREATE SEQUENCE public.proveedor_neumaticos_id_seq
    START WITH 1
    INCREMENT BY 1
    NO MINVALUE
    NO MAXVALUE
    CACHE 1;


ALTER TABLE public.proveedor_neumaticos_id_seq OWNER TO const;

--
-- Name: proveedor_neumaticos_id_seq; Type: SEQUENCE OWNED BY; Schema: public; Owner: const
--

ALTER SEQUENCE public.proveedor_neumaticos_id_seq OWNED BY public.proveedor_neumaticos.id;


--
-- Name: proveedor_ppa; Type: TABLE; Schema: public; Owner: const
--

CREATE TABLE public.proveedor_ppa (
    id bigint NOT NULL,
    proveedor_id character varying(7) NOT NULL,
    ppa_id character varying(50) NOT NULL
);


ALTER TABLE public.proveedor_ppa OWNER TO const;

--
-- Name: proveedor_ppa_id_seq; Type: SEQUENCE; Schema: public; Owner: const
--

CREATE SEQUENCE public.proveedor_ppa_id_seq
    START WITH 1
    INCREMENT BY 1
    NO MINVALUE
    NO MAXVALUE
    CACHE 1;


ALTER TABLE public.proveedor_ppa_id_seq OWNER TO const;

--
-- Name: proveedor_ppa_id_seq; Type: SEQUENCE OWNED BY; Schema: public; Owner: const
--

ALTER SEQUENCE public.proveedor_ppa_id_seq OWNED BY public.proveedor_ppa.id;


--
-- Name: provincia; Type: TABLE; Schema: public; Owner: const
--

CREATE TABLE public.provincia (
    codigoprovincia character varying(3) NOT NULL,
    nombre character varying(100) NOT NULL,
    capital character varying(100) NOT NULL
);


ALTER TABLE public.provincia OWNER TO const;

--
-- Name: reports_savedreport; Type: TABLE; Schema: public; Owner: const
--

CREATE TABLE public.reports_savedreport (
    id bigint NOT NULL,
    report character varying(255),
    report_file character varying(100) NOT NULL,
    date_modified timestamp with time zone NOT NULL,
    date_created timestamp with time zone NOT NULL,
    run_by_id integer
);


ALTER TABLE public.reports_savedreport OWNER TO const;

--
-- Name: reports_savedreport_id_seq; Type: SEQUENCE; Schema: public; Owner: const
--

CREATE SEQUENCE public.reports_savedreport_id_seq
    START WITH 1
    INCREMENT BY 1
    NO MINVALUE
    NO MAXVALUE
    CACHE 1;


ALTER TABLE public.reports_savedreport_id_seq OWNER TO const;

--
-- Name: reports_savedreport_id_seq; Type: SEQUENCE OWNED BY; Schema: public; Owner: const
--

ALTER SEQUENCE public.reports_savedreport_id_seq OWNED BY public.reports_savedreport.id;


--
-- Name: solicitud_bateria; Type: TABLE; Schema: public; Owner: const
--

CREATE TABLE public.solicitud_bateria (
    numsolicitud integer NOT NULL,
    fechasol date NOT NULL,
    estado character varying(10) NOT NULL,
    observaciones character varying(50),
    valor_estimado double precision NOT NULL,
    username integer,
    reeup character varying(11) NOT NULL
);


ALTER TABLE public.solicitud_bateria OWNER TO const;

--
-- Name: solicitud_bateria_numsolicitud_seq; Type: SEQUENCE; Schema: public; Owner: const
--

CREATE SEQUENCE public.solicitud_bateria_numsolicitud_seq
    AS integer
    START WITH 1
    INCREMENT BY 1
    NO MINVALUE
    NO MAXVALUE
    CACHE 1;


ALTER TABLE public.solicitud_bateria_numsolicitud_seq OWNER TO const;

--
-- Name: solicitud_bateria_numsolicitud_seq; Type: SEQUENCE OWNED BY; Schema: public; Owner: const
--

ALTER SEQUENCE public.solicitud_bateria_numsolicitud_seq OWNED BY public.solicitud_bateria.numsolicitud;


--
-- Name: solicitud_bateria_proveedor; Type: TABLE; Schema: public; Owner: const
--

CREATE TABLE public.solicitud_bateria_proveedor (
    id bigint NOT NULL,
    codmincex_id character varying(7) NOT NULL,
    numsolicitud integer NOT NULL
);


ALTER TABLE public.solicitud_bateria_proveedor OWNER TO const;

--
-- Name: solicitud_bateria_proveedor_id_seq; Type: SEQUENCE; Schema: public; Owner: const
--

CREATE SEQUENCE public.solicitud_bateria_proveedor_id_seq
    START WITH 1
    INCREMENT BY 1
    NO MINVALUE
    NO MAXVALUE
    CACHE 1;


ALTER TABLE public.solicitud_bateria_proveedor_id_seq OWNER TO const;

--
-- Name: solicitud_bateria_proveedor_id_seq; Type: SEQUENCE OWNED BY; Schema: public; Owner: const
--

ALTER SEQUENCE public.solicitud_bateria_proveedor_id_seq OWNED BY public.solicitud_bateria_proveedor.id;


--
-- Name: solicitud_bateria_proxy; Type: TABLE; Schema: public; Owner: const
--

CREATE TABLE public.solicitud_bateria_proxy (
    id bigint NOT NULL,
    cantidad integer NOT NULL,
    idproducto character varying(50) NOT NULL,
    numsolicitud integer NOT NULL,
    CONSTRAINT solicitud_bateria_proxy_cantidad_ba6bb57e_check CHECK ((cantidad >= 0))
);


ALTER TABLE public.solicitud_bateria_proxy OWNER TO const;

--
-- Name: solicitud_bateria_proxy_id_seq; Type: SEQUENCE; Schema: public; Owner: const
--

CREATE SEQUENCE public.solicitud_bateria_proxy_id_seq
    START WITH 1
    INCREMENT BY 1
    NO MINVALUE
    NO MAXVALUE
    CACHE 1;


ALTER TABLE public.solicitud_bateria_proxy_id_seq OWNER TO const;

--
-- Name: solicitud_bateria_proxy_id_seq; Type: SEQUENCE OWNED BY; Schema: public; Owner: const
--

ALTER SEQUENCE public.solicitud_bateria_proxy_id_seq OWNED BY public.solicitud_bateria_proxy.id;


--
-- Name: solicitud_equipo; Type: TABLE; Schema: public; Owner: const
--

CREATE TABLE public.solicitud_equipo (
    numsolicitud integer NOT NULL,
    fechasol date NOT NULL,
    estado character varying(10) NOT NULL,
    observaciones character varying(50),
    valor_estimado double precision NOT NULL,
    username integer,
    reeup character varying(11) NOT NULL
);


ALTER TABLE public.solicitud_equipo OWNER TO const;

--
-- Name: solicitud_equipo_numsolicitud_seq; Type: SEQUENCE; Schema: public; Owner: const
--

CREATE SEQUENCE public.solicitud_equipo_numsolicitud_seq
    AS integer
    START WITH 1
    INCREMENT BY 1
    NO MINVALUE
    NO MAXVALUE
    CACHE 1;


ALTER TABLE public.solicitud_equipo_numsolicitud_seq OWNER TO const;

--
-- Name: solicitud_equipo_numsolicitud_seq; Type: SEQUENCE OWNED BY; Schema: public; Owner: const
--

ALTER SEQUENCE public.solicitud_equipo_numsolicitud_seq OWNED BY public.solicitud_equipo.numsolicitud;


--
-- Name: solicitud_equipo_proveedor; Type: TABLE; Schema: public; Owner: const
--

CREATE TABLE public.solicitud_equipo_proveedor (
    id bigint NOT NULL,
    codmincex character varying(7) NOT NULL,
    numsolicitud integer NOT NULL
);


ALTER TABLE public.solicitud_equipo_proveedor OWNER TO const;

--
-- Name: solicitud_equipo_proveedor_id_seq; Type: SEQUENCE; Schema: public; Owner: const
--

CREATE SEQUENCE public.solicitud_equipo_proveedor_id_seq
    START WITH 1
    INCREMENT BY 1
    NO MINVALUE
    NO MAXVALUE
    CACHE 1;


ALTER TABLE public.solicitud_equipo_proveedor_id_seq OWNER TO const;

--
-- Name: solicitud_equipo_proveedor_id_seq; Type: SEQUENCE OWNED BY; Schema: public; Owner: const
--

ALTER SEQUENCE public.solicitud_equipo_proveedor_id_seq OWNED BY public.solicitud_equipo_proveedor.id;


--
-- Name: solicitud_equipo_proxy; Type: TABLE; Schema: public; Owner: const
--

CREATE TABLE public.solicitud_equipo_proxy (
    id bigint NOT NULL,
    cantidad integer NOT NULL,
    idproducto character varying(50) NOT NULL,
    numsolicitud integer NOT NULL,
    CONSTRAINT solicitud_equipo_proxy_cantidad_625ae9fe_check CHECK ((cantidad >= 0))
);


ALTER TABLE public.solicitud_equipo_proxy OWNER TO const;

--
-- Name: solicitud_equipo_proxy_id_seq; Type: SEQUENCE; Schema: public; Owner: const
--

CREATE SEQUENCE public.solicitud_equipo_proxy_id_seq
    START WITH 1
    INCREMENT BY 1
    NO MINVALUE
    NO MAXVALUE
    CACHE 1;


ALTER TABLE public.solicitud_equipo_proxy_id_seq OWNER TO const;

--
-- Name: solicitud_equipo_proxy_id_seq; Type: SEQUENCE OWNED BY; Schema: public; Owner: const
--

ALTER SEQUENCE public.solicitud_equipo_proxy_id_seq OWNED BY public.solicitud_equipo_proxy.id;


--
-- Name: solicitud_neumatico; Type: TABLE; Schema: public; Owner: const
--

CREATE TABLE public.solicitud_neumatico (
    numsolicitud integer NOT NULL,
    fechasol date NOT NULL,
    estado character varying(10) NOT NULL,
    observaciones character varying(50),
    valor_estimado double precision NOT NULL,
    username integer,
    reeup character varying(11) NOT NULL
);


ALTER TABLE public.solicitud_neumatico OWNER TO const;

--
-- Name: solicitud_neumatico_numsolicitud_seq; Type: SEQUENCE; Schema: public; Owner: const
--

CREATE SEQUENCE public.solicitud_neumatico_numsolicitud_seq
    AS integer
    START WITH 1
    INCREMENT BY 1
    NO MINVALUE
    NO MAXVALUE
    CACHE 1;


ALTER TABLE public.solicitud_neumatico_numsolicitud_seq OWNER TO const;

--
-- Name: solicitud_neumatico_numsolicitud_seq; Type: SEQUENCE OWNED BY; Schema: public; Owner: const
--

ALTER SEQUENCE public.solicitud_neumatico_numsolicitud_seq OWNED BY public.solicitud_neumatico.numsolicitud;


--
-- Name: solicitud_neumatico_proveedor; Type: TABLE; Schema: public; Owner: const
--

CREATE TABLE public.solicitud_neumatico_proveedor (
    id bigint NOT NULL,
    codmincex_id character varying(7) NOT NULL,
    numsolicitud integer NOT NULL
);


ALTER TABLE public.solicitud_neumatico_proveedor OWNER TO const;

--
-- Name: solicitud_neumatico_proveedor_id_seq; Type: SEQUENCE; Schema: public; Owner: const
--

CREATE SEQUENCE public.solicitud_neumatico_proveedor_id_seq
    START WITH 1
    INCREMENT BY 1
    NO MINVALUE
    NO MAXVALUE
    CACHE 1;


ALTER TABLE public.solicitud_neumatico_proveedor_id_seq OWNER TO const;

--
-- Name: solicitud_neumatico_proveedor_id_seq; Type: SEQUENCE OWNED BY; Schema: public; Owner: const
--

ALTER SEQUENCE public.solicitud_neumatico_proveedor_id_seq OWNED BY public.solicitud_neumatico_proveedor.id;


--
-- Name: solicitud_neumatico_proxy; Type: TABLE; Schema: public; Owner: const
--

CREATE TABLE public.solicitud_neumatico_proxy (
    id bigint NOT NULL,
    cantidad integer NOT NULL,
    idproducto character varying(50) NOT NULL,
    numsolicitud integer NOT NULL,
    CONSTRAINT solicitud_neumatico_proxy_cantidad_74db7dfe_check CHECK ((cantidad >= 0))
);


ALTER TABLE public.solicitud_neumatico_proxy OWNER TO const;

--
-- Name: solicitud_neumatico_proxy_id_seq; Type: SEQUENCE; Schema: public; Owner: const
--

CREATE SEQUENCE public.solicitud_neumatico_proxy_id_seq
    START WITH 1
    INCREMENT BY 1
    NO MINVALUE
    NO MAXVALUE
    CACHE 1;


ALTER TABLE public.solicitud_neumatico_proxy_id_seq OWNER TO const;

--
-- Name: solicitud_neumatico_proxy_id_seq; Type: SEQUENCE OWNED BY; Schema: public; Owner: const
--

ALTER SEQUENCE public.solicitud_neumatico_proxy_id_seq OWNED BY public.solicitud_neumatico_proxy.id;


--
-- Name: solicitud_ppa; Type: TABLE; Schema: public; Owner: const
--

CREATE TABLE public.solicitud_ppa (
    numsolicitud integer NOT NULL,
    fechasol date NOT NULL,
    estado character varying(10) NOT NULL,
    observaciones character varying(50),
    valor_estimado double precision NOT NULL,
    username integer,
    reeup character varying(11) NOT NULL
);


ALTER TABLE public.solicitud_ppa OWNER TO const;

--
-- Name: solicitud_ppa_numsolicitud_seq; Type: SEQUENCE; Schema: public; Owner: const
--

CREATE SEQUENCE public.solicitud_ppa_numsolicitud_seq
    AS integer
    START WITH 1
    INCREMENT BY 1
    NO MINVALUE
    NO MAXVALUE
    CACHE 1;


ALTER TABLE public.solicitud_ppa_numsolicitud_seq OWNER TO const;

--
-- Name: solicitud_ppa_numsolicitud_seq; Type: SEQUENCE OWNED BY; Schema: public; Owner: const
--

ALTER SEQUENCE public.solicitud_ppa_numsolicitud_seq OWNED BY public.solicitud_ppa.numsolicitud;


--
-- Name: solicitud_ppa_proveedor; Type: TABLE; Schema: public; Owner: const
--

CREATE TABLE public.solicitud_ppa_proveedor (
    id bigint NOT NULL,
    codmincex_id character varying(7) NOT NULL,
    numsolicitud integer NOT NULL
);


ALTER TABLE public.solicitud_ppa_proveedor OWNER TO const;

--
-- Name: solicitud_ppa_proveedor_id_seq; Type: SEQUENCE; Schema: public; Owner: const
--

CREATE SEQUENCE public.solicitud_ppa_proveedor_id_seq
    START WITH 1
    INCREMENT BY 1
    NO MINVALUE
    NO MAXVALUE
    CACHE 1;


ALTER TABLE public.solicitud_ppa_proveedor_id_seq OWNER TO const;

--
-- Name: solicitud_ppa_proveedor_id_seq; Type: SEQUENCE OWNED BY; Schema: public; Owner: const
--

ALTER SEQUENCE public.solicitud_ppa_proveedor_id_seq OWNED BY public.solicitud_ppa_proveedor.id;


--
-- Name: solicitud_ppa_proxy; Type: TABLE; Schema: public; Owner: const
--

CREATE TABLE public.solicitud_ppa_proxy (
    id bigint NOT NULL,
    cantidad integer NOT NULL,
    idproducto character varying(50) NOT NULL,
    numsolicitud integer NOT NULL,
    CONSTRAINT solicitud_ppa_proxy_cantidad_a7230713_check CHECK ((cantidad >= 0))
);


ALTER TABLE public.solicitud_ppa_proxy OWNER TO const;

--
-- Name: solicitud_ppa_proxy_id_seq; Type: SEQUENCE; Schema: public; Owner: const
--

CREATE SEQUENCE public.solicitud_ppa_proxy_id_seq
    START WITH 1
    INCREMENT BY 1
    NO MINVALUE
    NO MAXVALUE
    CACHE 1;


ALTER TABLE public.solicitud_ppa_proxy_id_seq OWNER TO const;

--
-- Name: solicitud_ppa_proxy_id_seq; Type: SEQUENCE OWNED BY; Schema: public; Owner: const
--

ALTER SEQUENCE public.solicitud_ppa_proxy_id_seq OWNED BY public.solicitud_ppa_proxy.id;


--
-- Name: sucursal_cuba; Type: TABLE; Schema: public; Owner: const
--

CREATE TABLE public.sucursal_cuba (
    id bigint NOT NULL,
    direccion character varying(100) NOT NULL,
    email character varying(254) NOT NULL,
    telefono bigint NOT NULL,
    contacto character varying(150) NOT NULL,
    carnet_trabajo character varying(200) NOT NULL,
    codmincex character varying(7) NOT NULL
);


ALTER TABLE public.sucursal_cuba OWNER TO const;

--
-- Name: sucursal_cuba_id_seq; Type: SEQUENCE; Schema: public; Owner: const
--

CREATE SEQUENCE public.sucursal_cuba_id_seq
    START WITH 1
    INCREMENT BY 1
    NO MINVALUE
    NO MAXVALUE
    CACHE 1;


ALTER TABLE public.sucursal_cuba_id_seq OWNER TO const;

--
-- Name: sucursal_cuba_id_seq; Type: SEQUENCE OWNED BY; Schema: public; Owner: const
--

ALTER SEQUENCE public.sucursal_cuba_id_seq OWNED BY public.sucursal_cuba.id;


--
-- Name: um; Type: TABLE; Schema: public; Owner: const
--

CREATE TABLE public.um (
    codigoum character varying(5) NOT NULL,
    descripcionum character varying(10) NOT NULL
);


ALTER TABLE public.um OWNER TO const;

--
-- Name: Dashboard_dashboard id; Type: DEFAULT; Schema: public; Owner: const
--

ALTER TABLE ONLY public."Dashboard_dashboard" ALTER COLUMN id SET DEFAULT nextval('public."Dashboard_dashboard_id_seq"'::regclass);


--
-- Name: Dashboard_order id; Type: DEFAULT; Schema: public; Owner: const
--

ALTER TABLE ONLY public."Dashboard_order" ALTER COLUMN id SET DEFAULT nextval('public."Dashboard_order_id_seq"'::regclass);


--
-- Name: Datos_salvas_restauras id; Type: DEFAULT; Schema: public; Owner: const
--

ALTER TABLE ONLY public."Datos_salvas_restauras" ALTER COLUMN id SET DEFAULT nextval('public."Datos_salvas_restauras_id_seq"'::regclass);


--
-- Name: Reportes_reporte_proveedor id; Type: DEFAULT; Schema: public; Owner: const
--

ALTER TABLE ONLY public."Reportes_reporte_proveedor" ALTER COLUMN id SET DEFAULT nextval('public."Reportes_reporte_proveedor_id_seq"'::regclass);


--
-- Name: Reportes_reporte_solicitud id; Type: DEFAULT; Schema: public; Owner: const
--

ALTER TABLE ONLY public."Reportes_reporte_solicitud" ALTER COLUMN id SET DEFAULT nextval('public."Reportes_reporte_solicitud_id_seq"'::regclass);


--
-- Name: Salvas_salvas id; Type: DEFAULT; Schema: public; Owner: const
--

ALTER TABLE ONLY public."Salvas_salvas" ALTER COLUMN id SET DEFAULT nextval('public."Salvas_salvas_id_seq"'::regclass);


--
-- Name: Trazas_logentry id; Type: DEFAULT; Schema: public; Owner: const
--

ALTER TABLE ONLY public."Trazas_logentry" ALTER COLUMN id SET DEFAULT nextval('public."Trazas_logentry_id_seq"'::regclass);


--
-- Name: account_account id; Type: DEFAULT; Schema: public; Owner: const
--

ALTER TABLE ONLY public.account_account ALTER COLUMN id SET DEFAULT nextval('public.account_account_id_seq'::regclass);


--
-- Name: account_accountdeletion id; Type: DEFAULT; Schema: public; Owner: const
--

ALTER TABLE ONLY public.account_accountdeletion ALTER COLUMN id SET DEFAULT nextval('public.account_accountdeletion_id_seq'::regclass);


--
-- Name: account_emailaddress id; Type: DEFAULT; Schema: public; Owner: const
--

ALTER TABLE ONLY public.account_emailaddress ALTER COLUMN id SET DEFAULT nextval('public.account_emailaddress_id_seq'::regclass);


--
-- Name: account_emailconfirmation id; Type: DEFAULT; Schema: public; Owner: const
--

ALTER TABLE ONLY public.account_emailconfirmation ALTER COLUMN id SET DEFAULT nextval('public.account_emailconfirmation_id_seq'::regclass);


--
-- Name: account_passwordexpiry id; Type: DEFAULT; Schema: public; Owner: const
--

ALTER TABLE ONLY public.account_passwordexpiry ALTER COLUMN id SET DEFAULT nextval('public.account_passwordexpiry_id_seq'::regclass);


--
-- Name: account_passwordhistory id; Type: DEFAULT; Schema: public; Owner: const
--

ALTER TABLE ONLY public.account_passwordhistory ALTER COLUMN id SET DEFAULT nextval('public.account_passwordhistory_id_seq'::regclass);


--
-- Name: account_signupcode id; Type: DEFAULT; Schema: public; Owner: const
--

ALTER TABLE ONLY public.account_signupcode ALTER COLUMN id SET DEFAULT nextval('public.account_signupcode_id_seq'::regclass);


--
-- Name: account_signupcoderesult id; Type: DEFAULT; Schema: public; Owner: const
--

ALTER TABLE ONLY public.account_signupcoderesult ALTER COLUMN id SET DEFAULT nextval('public.account_signupcoderesult_id_seq'::regclass);


--
-- Name: auth_group id; Type: DEFAULT; Schema: public; Owner: const
--

ALTER TABLE ONLY public.auth_group ALTER COLUMN id SET DEFAULT nextval('public.auth_group_id_seq'::regclass);


--
-- Name: auth_group_permissions id; Type: DEFAULT; Schema: public; Owner: const
--

ALTER TABLE ONLY public.auth_group_permissions ALTER COLUMN id SET DEFAULT nextval('public.auth_group_permissions_id_seq'::regclass);


--
-- Name: auth_permission id; Type: DEFAULT; Schema: public; Owner: const
--

ALTER TABLE ONLY public.auth_permission ALTER COLUMN id SET DEFAULT nextval('public.auth_permission_id_seq'::regclass);


--
-- Name: auth_user id; Type: DEFAULT; Schema: public; Owner: const
--

ALTER TABLE ONLY public.auth_user ALTER COLUMN id SET DEFAULT nextval('public.auth_user_id_seq'::regclass);


--
-- Name: auth_user_groups id; Type: DEFAULT; Schema: public; Owner: const
--

ALTER TABLE ONLY public.auth_user_groups ALTER COLUMN id SET DEFAULT nextval('public.auth_user_groups_id_seq'::regclass);


--
-- Name: auth_user_user_permissions id; Type: DEFAULT; Schema: public; Owner: const
--

ALTER TABLE ONLY public.auth_user_user_permissions ALTER COLUMN id SET DEFAULT nextval('public.auth_user_user_permissions_id_seq'::regclass);


--
-- Name: casa_matriz id; Type: DEFAULT; Schema: public; Owner: const
--

ALTER TABLE ONLY public.casa_matriz ALTER COLUMN id SET DEFAULT nextval('public.casa_matriz_id_seq'::regclass);


--
-- Name: django_admin_log id; Type: DEFAULT; Schema: public; Owner: const
--

ALTER TABLE ONLY public.django_admin_log ALTER COLUMN id SET DEFAULT nextval('public.django_admin_log_id_seq'::regclass);


--
-- Name: django_content_type id; Type: DEFAULT; Schema: public; Owner: const
--

ALTER TABLE ONLY public.django_content_type ALTER COLUMN id SET DEFAULT nextval('public.django_content_type_id_seq'::regclass);


--
-- Name: django_migrations id; Type: DEFAULT; Schema: public; Owner: const
--

ALTER TABLE ONLY public.django_migrations ALTER COLUMN id SET DEFAULT nextval('public.django_migrations_id_seq'::regclass);


--
-- Name: django_site id; Type: DEFAULT; Schema: public; Owner: const
--

ALTER TABLE ONLY public.django_site ALTER COLUMN id SET DEFAULT nextval('public.django_site_id_seq'::regclass);


--
-- Name: oferta_bateria_proxy id; Type: DEFAULT; Schema: public; Owner: const
--

ALTER TABLE ONLY public.oferta_bateria_proxy ALTER COLUMN id SET DEFAULT nextval('public.oferta_bateria_proxy_id_seq'::regclass);


--
-- Name: oferta_baterias numero; Type: DEFAULT; Schema: public; Owner: const
--

ALTER TABLE ONLY public.oferta_baterias ALTER COLUMN numero SET DEFAULT nextval('public.oferta_baterias_numero_seq'::regclass);


--
-- Name: oferta_equipo numero; Type: DEFAULT; Schema: public; Owner: const
--

ALTER TABLE ONLY public.oferta_equipo ALTER COLUMN numero SET DEFAULT nextval('public.oferta_equipo_numero_seq'::regclass);


--
-- Name: oferta_equipo_proxy id; Type: DEFAULT; Schema: public; Owner: const
--

ALTER TABLE ONLY public.oferta_equipo_proxy ALTER COLUMN id SET DEFAULT nextval('public.oferta_equipo_proxy_id_seq'::regclass);


--
-- Name: oferta_neumatico_proxy id; Type: DEFAULT; Schema: public; Owner: const
--

ALTER TABLE ONLY public.oferta_neumatico_proxy ALTER COLUMN id SET DEFAULT nextval('public.oferta_neumatico_proxy_id_seq'::regclass);


--
-- Name: oferta_neumaticos numero; Type: DEFAULT; Schema: public; Owner: const
--

ALTER TABLE ONLY public.oferta_neumaticos ALTER COLUMN numero SET DEFAULT nextval('public.oferta_neumaticos_numero_seq'::regclass);


--
-- Name: oferta_ppa numero; Type: DEFAULT; Schema: public; Owner: const
--

ALTER TABLE ONLY public.oferta_ppa ALTER COLUMN numero SET DEFAULT nextval('public.oferta_ppa_numero_seq'::regclass);


--
-- Name: oferta_ppa_proxy id; Type: DEFAULT; Schema: public; Owner: const
--

ALTER TABLE ONLY public.oferta_ppa_proxy ALTER COLUMN id SET DEFAULT nextval('public.oferta_ppa_proxy_id_seq'::regclass);


--
-- Name: ppa_equipo id; Type: DEFAULT; Schema: public; Owner: const
--

ALTER TABLE ONLY public.ppa_equipo ALTER COLUMN id SET DEFAULT nextval('public.ppa_equipo_id_seq'::regclass);


--
-- Name: proveedor_baterias id; Type: DEFAULT; Schema: public; Owner: const
--

ALTER TABLE ONLY public.proveedor_baterias ALTER COLUMN id SET DEFAULT nextval('public.proveedor_baterias_id_seq'::regclass);


--
-- Name: proveedor_equipos id; Type: DEFAULT; Schema: public; Owner: const
--

ALTER TABLE ONLY public.proveedor_equipos ALTER COLUMN id SET DEFAULT nextval('public.proveedor_equipos_id_seq'::regclass);


--
-- Name: proveedor_marca id; Type: DEFAULT; Schema: public; Owner: const
--

ALTER TABLE ONLY public.proveedor_marca ALTER COLUMN id SET DEFAULT nextval('public.proveedor_marca_id_seq'::regclass);


--
-- Name: proveedor_neumaticos id; Type: DEFAULT; Schema: public; Owner: const
--

ALTER TABLE ONLY public.proveedor_neumaticos ALTER COLUMN id SET DEFAULT nextval('public.proveedor_neumaticos_id_seq'::regclass);


--
-- Name: proveedor_ppa id; Type: DEFAULT; Schema: public; Owner: const
--

ALTER TABLE ONLY public.proveedor_ppa ALTER COLUMN id SET DEFAULT nextval('public.proveedor_ppa_id_seq'::regclass);


--
-- Name: reports_savedreport id; Type: DEFAULT; Schema: public; Owner: const
--

ALTER TABLE ONLY public.reports_savedreport ALTER COLUMN id SET DEFAULT nextval('public.reports_savedreport_id_seq'::regclass);


--
-- Name: solicitud_bateria numsolicitud; Type: DEFAULT; Schema: public; Owner: const
--

ALTER TABLE ONLY public.solicitud_bateria ALTER COLUMN numsolicitud SET DEFAULT nextval('public.solicitud_bateria_numsolicitud_seq'::regclass);


--
-- Name: solicitud_bateria_proveedor id; Type: DEFAULT; Schema: public; Owner: const
--

ALTER TABLE ONLY public.solicitud_bateria_proveedor ALTER COLUMN id SET DEFAULT nextval('public.solicitud_bateria_proveedor_id_seq'::regclass);


--
-- Name: solicitud_bateria_proxy id; Type: DEFAULT; Schema: public; Owner: const
--

ALTER TABLE ONLY public.solicitud_bateria_proxy ALTER COLUMN id SET DEFAULT nextval('public.solicitud_bateria_proxy_id_seq'::regclass);


--
-- Name: solicitud_equipo numsolicitud; Type: DEFAULT; Schema: public; Owner: const
--

ALTER TABLE ONLY public.solicitud_equipo ALTER COLUMN numsolicitud SET DEFAULT nextval('public.solicitud_equipo_numsolicitud_seq'::regclass);


--
-- Name: solicitud_equipo_proveedor id; Type: DEFAULT; Schema: public; Owner: const
--

ALTER TABLE ONLY public.solicitud_equipo_proveedor ALTER COLUMN id SET DEFAULT nextval('public.solicitud_equipo_proveedor_id_seq'::regclass);


--
-- Name: solicitud_equipo_proxy id; Type: DEFAULT; Schema: public; Owner: const
--

ALTER TABLE ONLY public.solicitud_equipo_proxy ALTER COLUMN id SET DEFAULT nextval('public.solicitud_equipo_proxy_id_seq'::regclass);


--
-- Name: solicitud_neumatico numsolicitud; Type: DEFAULT; Schema: public; Owner: const
--

ALTER TABLE ONLY public.solicitud_neumatico ALTER COLUMN numsolicitud SET DEFAULT nextval('public.solicitud_neumatico_numsolicitud_seq'::regclass);


--
-- Name: solicitud_neumatico_proveedor id; Type: DEFAULT; Schema: public; Owner: const
--

ALTER TABLE ONLY public.solicitud_neumatico_proveedor ALTER COLUMN id SET DEFAULT nextval('public.solicitud_neumatico_proveedor_id_seq'::regclass);


--
-- Name: solicitud_neumatico_proxy id; Type: DEFAULT; Schema: public; Owner: const
--

ALTER TABLE ONLY public.solicitud_neumatico_proxy ALTER COLUMN id SET DEFAULT nextval('public.solicitud_neumatico_proxy_id_seq'::regclass);


--
-- Name: solicitud_ppa numsolicitud; Type: DEFAULT; Schema: public; Owner: const
--

ALTER TABLE ONLY public.solicitud_ppa ALTER COLUMN numsolicitud SET DEFAULT nextval('public.solicitud_ppa_numsolicitud_seq'::regclass);


--
-- Name: solicitud_ppa_proveedor id; Type: DEFAULT; Schema: public; Owner: const
--

ALTER TABLE ONLY public.solicitud_ppa_proveedor ALTER COLUMN id SET DEFAULT nextval('public.solicitud_ppa_proveedor_id_seq'::regclass);


--
-- Name: solicitud_ppa_proxy id; Type: DEFAULT; Schema: public; Owner: const
--

ALTER TABLE ONLY public.solicitud_ppa_proxy ALTER COLUMN id SET DEFAULT nextval('public.solicitud_ppa_proxy_id_seq'::regclass);


--
-- Name: sucursal_cuba id; Type: DEFAULT; Schema: public; Owner: const
--

ALTER TABLE ONLY public.sucursal_cuba ALTER COLUMN id SET DEFAULT nextval('public.sucursal_cuba_id_seq'::regclass);


--
-- Data for Name: Dashboard_dashboard; Type: TABLE DATA; Schema: public; Owner: const
--

COPY public."Dashboard_dashboard" (id) FROM stdin;
\.


--
-- Data for Name: Dashboard_order; Type: TABLE DATA; Schema: public; Owner: const
--

COPY public."Dashboard_order" (id, product_category, payment_method, shipping_cost, unit_price) FROM stdin;
1	Books	Credit Card	39	59.00
\.


--
-- Data for Name: Datos_salvas_restauras; Type: TABLE DATA; Schema: public; Owner: const
--

COPY public."Datos_salvas_restauras" (id) FROM stdin;
\.


--
-- Data for Name: OSDE; Type: TABLE DATA; Schema: public; Owner: const
--

COPY public."OSDE" (reeup, nombre, siglas, direccion, correo, telefono, ministerio_id) FROM stdin;
272.0.05568	Grupo Empresarial de Diseo e Ingeniera	GEDIC	Calle Factor #5 e/ Ayestarn y Mas.  Cerro, La Habana, Cuba.	direccion@gedic.cu	78799610	271.0.05996
\.


--
-- Data for Name: Reportes_reporte_proveedor; Type: TABLE DATA; Schema: public; Owner: const
--

COPY public."Reportes_reporte_proveedor" (id) FROM stdin;
\.


--
-- Data for Name: Reportes_reporte_solicitud; Type: TABLE DATA; Schema: public; Owner: const
--

COPY public."Reportes_reporte_solicitud" (id) FROM stdin;
\.


--
-- Data for Name: Salvas_salvas; Type: TABLE DATA; Schema: public; Owner: const
--

COPY public."Salvas_salvas" (id) FROM stdin;
\.


--
-- Data for Name: Trazas_logentry; Type: TABLE DATA; Schema: public; Owner: const
--

COPY public."Trazas_logentry" (id) FROM stdin;
\.


--
-- Data for Name: account_account; Type: TABLE DATA; Schema: public; Owner: const
--

COPY public.account_account (id, timezone, language, user_id) FROM stdin;
\.


--
-- Data for Name: account_accountdeletion; Type: TABLE DATA; Schema: public; Owner: const
--

COPY public.account_accountdeletion (id, email, date_requested, date_expunged, user_id) FROM stdin;
\.


--
-- Data for Name: account_emailaddress; Type: TABLE DATA; Schema: public; Owner: const
--

COPY public.account_emailaddress (id, email, verified, "primary", user_id) FROM stdin;
\.


--
-- Data for Name: account_emailconfirmation; Type: TABLE DATA; Schema: public; Owner: const
--

COPY public.account_emailconfirmation (id, created, sent, key, email_address_id) FROM stdin;
\.


--
-- Data for Name: account_passwordexpiry; Type: TABLE DATA; Schema: public; Owner: const
--

COPY public.account_passwordexpiry (id, expiry, user_id) FROM stdin;
\.


--
-- Data for Name: account_passwordhistory; Type: TABLE DATA; Schema: public; Owner: const
--

COPY public.account_passwordhistory (id, password, "timestamp", user_id) FROM stdin;
\.


--
-- Data for Name: account_signupcode; Type: TABLE DATA; Schema: public; Owner: const
--

COPY public.account_signupcode (id, code, max_uses, expiry, email, notes, sent, created, use_count, inviter_id) FROM stdin;
\.


--
-- Data for Name: account_signupcoderesult; Type: TABLE DATA; Schema: public; Owner: const
--

COPY public.account_signupcoderesult (id, "timestamp", signup_code_id, user_id) FROM stdin;
\.


--
-- Data for Name: auth_group; Type: TABLE DATA; Schema: public; Owner: const
--

COPY public.auth_group (id, name) FROM stdin;
2	Director_Desarrollo
7	Especialista_COMEX_Bateria
5	Especialista_COMEX_PPA
6	Especialista_COMEX_Neumatico
1	Director_COMEX
3	Especialista_COMEX_Equipo
4	Marketing
8	Administrador
\.


--
-- Data for Name: auth_group_permissions; Type: TABLE DATA; Schema: public; Owner: const
--

COPY public.auth_group_permissions (id, group_id, permission_id) FROM stdin;
5	1	80
6	1	84
7	2	128
10	2	26
11	2	28
12	2	30
13	2	32
14	2	34
15	2	36
16	2	38
17	2	40
18	2	42
19	2	44
20	2	48
21	2	52
22	2	56
23	2	60
24	2	64
25	2	68
26	2	72
27	2	88
28	2	92
29	2	96
30	2	100
31	2	104
32	2	108
33	2	112
34	2	116
35	2	124
36	3	76
38	3	78
39	3	80
40	3	81
41	3	82
42	3	83
43	3	84
46	4	25
48	4	28
49	4	29
51	4	32
52	4	33
54	4	36
55	4	37
57	4	40
58	4	41
61	4	44
62	4	45
65	4	48
66	4	49
69	4	52
70	4	53
73	4	56
74	4	57
77	4	60
78	4	61
81	4	64
82	4	65
85	4	68
86	4	69
89	4	72
90	4	85
92	4	87
93	4	88
94	4	89
95	4	90
96	4	91
97	4	92
99	4	97
100	4	98
101	4	99
102	4	100
104	4	105
105	4	106
106	4	107
107	4	108
108	4	109
110	4	111
111	4	112
112	4	113
114	4	115
115	4	116
116	4	117
117	4	118
118	4	119
119	4	120
120	4	121
121	4	122
122	4	123
123	4	124
124	4	125
126	4	127
127	4	128
128	5	137
129	5	138
130	5	76
131	5	140
132	6	145
133	6	146
134	6	76
135	6	148
136	7	160
137	7	76
138	7	149
139	7	150
140	7	151
141	7	152
142	7	157
143	7	158
144	5	144
145	5	141
146	5	142
147	5	143
148	6	153
149	6	154
150	6	155
151	6	156
152	1	160
154	1	138
155	1	140
156	1	78
157	1	144
158	1	146
159	1	148
160	1	152
161	1	156
162	1	158
163	8	4
164	8	132
166	8	12
167	8	13
168	8	14
169	8	15
170	8	16
172	8	176
173	4	172
174	4	177
175	4	178
176	4	179
177	4	180
178	4	181
179	4	182
180	4	183
181	4	184
182	4	185
183	4	188
184	3	128
185	3	192
186	3	100
187	3	108
188	3	92
189	3	112
190	3	188
191	3	180
192	3	116
193	3	88
194	3	124
195	3	184
196	8	20
\.


--
-- Data for Name: auth_permission; Type: TABLE DATA; Schema: public; Owner: const
--

COPY public.auth_permission (id, name, codename, content_type_id) FROM stdin;
1	Can add Traza	add_logentry	1
2	Can change Traza	change_logentry	1
3	Can delete Traza	delete_logentry	1
4	Can view Traza	view_logentry	1
5	Can add permission	add_permission	2
6	Can change permission	change_permission	2
7	Can delete permission	delete_permission	2
8	Can view permission	view_permission	2
9	Can add rol	add_group	3
10	Can change rol	change_group	3
11	Can delete rol	delete_group	3
12	Can view rol	view_group	3
13	Can add user	add_user	4
14	Can change user	change_user	4
15	Can delete user	delete_user	4
16	Can view user	view_user	4
17	Can add content type	add_contenttype	5
18	Can change content type	change_contenttype	5
19	Can delete content type	delete_contenttype	5
20	Can view content type	view_contenttype	5
21	Can add session	add_session	6
22	Can change session	change_session	6
23	Can delete session	delete_session	6
24	Can view session	view_session	6
25	Can add Solicitud de Batera	add_solicitud_bateria	7
26	Can change Solicitud de Batera	change_solicitud_bateria	7
27	Can delete Solicitud de Batera	delete_solicitud_bateria	7
28	Can view Solicitud de Batera	view_solicitud_bateria	7
29	Can add Solicitud de Equipo	add_solicitud_equipo	8
30	Can change Solicitud de Equipo	change_solicitud_equipo	8
31	Can delete Solicitud de Equipo	delete_solicitud_equipo	8
32	Can view Solicitud de Equipo	view_solicitud_equipo	8
33	Can add Solicitud de Neumtico	add_solicitud_neumatico	9
34	Can change Solicitud de Neumtico	change_solicitud_neumatico	9
35	Can delete Solicitud de Neumtico	delete_solicitud_neumatico	9
36	Can view Solicitud de Neumtico	view_solicitud_neumatico	9
37	Can add Solicitud de Partes, Piezas y Accesorios	add_solicitud_ppa	10
38	Can change Solicitud de Partes, Piezas y Accesorios	change_solicitud_ppa	10
39	Can delete Solicitud de Partes, Piezas y Accesorios	delete_solicitud_ppa	10
40	Can view Solicitud de Partes, Piezas y Accesorios	view_solicitud_ppa	10
41	Can add Partes, Piezas y Accesorios	add_solicitud_ppa_proxy	11
42	Can change Partes, Piezas y Accesorios	change_solicitud_ppa_proxy	11
43	Can delete Partes, Piezas y Accesorios	delete_solicitud_ppa_proxy	11
44	Can view Partes, Piezas y Accesorios	view_solicitud_ppa_proxy	11
45	Can add Proveedor	add_solicitud_ppa_proveedor	12
46	Can change Proveedor	change_solicitud_ppa_proveedor	12
47	Can delete Proveedor	delete_solicitud_ppa_proveedor	12
48	Can view Proveedor	view_solicitud_ppa_proveedor	12
49	Can add Neumtico	add_solicitud_neumatico_proxy	13
50	Can change Neumtico	change_solicitud_neumatico_proxy	13
51	Can delete Neumtico	delete_solicitud_neumatico_proxy	13
52	Can view Neumtico	view_solicitud_neumatico_proxy	13
53	Can add Proveedor	add_solicitud_neumatico_proveedor	14
54	Can change Proveedor	change_solicitud_neumatico_proveedor	14
55	Can delete Proveedor	delete_solicitud_neumatico_proveedor	14
56	Can view Proveedor	view_solicitud_neumatico_proveedor	14
57	Can add Equipo	add_solicitud_equipo_proxy	15
58	Can change Equipo	change_solicitud_equipo_proxy	15
59	Can delete Equipo	delete_solicitud_equipo_proxy	15
60	Can view Equipo	view_solicitud_equipo_proxy	15
61	Can add Proveedor	add_solicitud_equipo_proveedor	16
62	Can change Proveedor	change_solicitud_equipo_proveedor	16
63	Can delete Proveedor	delete_solicitud_equipo_proveedor	16
64	Can view Proveedor	view_solicitud_equipo_proveedor	16
65	Can add Batera	add_solicitud_bateria_proxy	17
66	Can change Batera	change_solicitud_bateria_proxy	17
67	Can delete Batera	delete_solicitud_bateria_proxy	17
68	Can view Batera	view_solicitud_bateria_proxy	17
69	Can add Proveedor	add_solicitud_bateria_proveedor	18
70	Can change Proveedor	change_solicitud_bateria_proveedor	18
71	Can delete Proveedor	delete_solicitud_bateria_proveedor	18
72	Can view Proveedor	view_solicitud_bateria_proveedor	18
73	Can add Especialista COMEX	add_especialistacomex	19
74	Can change Especialista COMEX	change_especialistacomex	19
75	Can delete Especialista COMEX	delete_especialistacomex	19
76	Can view Especialista COMEX	view_especialistacomex	19
77	Can add Oferta de Equipo	add_oferta_equipo	20
78	Can change Oferta de Equipo	change_oferta_equipo	20
79	Can delete Oferta de Equipo	delete_oferta_equipo	20
80	Can view Oferta de Equipo	view_oferta_equipo	20
81	Can add Equipo	add_oferta_equipo_proxy	21
82	Can change Equipo	change_oferta_equipo_proxy	21
83	Can delete Equipo	delete_oferta_equipo_proxy	21
84	Can view Equipo	view_oferta_equipo_proxy	21
85	Can add Equipo	add_equipo	22
86	Can change Equipo	change_equipo	22
87	Can delete Equipo	delete_equipo	22
88	Can view Equipo	view_equipo	22
89	Can add Marca	add_marca	23
90	Can change Marca	change_marca	23
91	Can delete Marca	delete_marca	23
92	Can view Marca	view_marca	23
93	Can add Pas	add_pais	24
94	Can change Pas	change_pais	24
95	Can delete Pas	delete_pais	24
96	Can view Pas	view_pais	24
97	Can add Proveedor	add_proveedor	25
98	Can change Proveedor	change_proveedor	25
99	Can delete Proveedor	delete_proveedor	25
100	Can view Proveedor	view_proveedor	25
101	Can add Provincia	add_provincia	26
102	Can change Provincia	change_provincia	26
103	Can delete Provincia	delete_provincia	26
104	Can view Provincia	view_provincia	26
105	Can add Sucursal en Cuba	add_sucursal_cuba	27
106	Can change Sucursal en Cuba	change_sucursal_cuba	27
107	Can delete Sucursal en Cuba	delete_sucursal_cuba	27
108	Can view Sucursal en Cuba	view_sucursal_cuba	27
109	Can add Pieza	add_ppa	28
110	Can change Pieza	change_ppa	28
111	Can delete Pieza	delete_ppa	28
112	Can view Pieza	view_ppa	28
113	Can add Neumtico	add_neumatico	29
114	Can change Neumtico	change_neumatico	29
115	Can delete Neumtico	delete_neumatico	29
116	Can view Neumtico	view_neumatico	29
117	Can add cliente	add_cliente	30
118	Can change cliente	change_cliente	30
119	Can delete cliente	delete_cliente	30
120	Can view cliente	view_cliente	30
121	Can add Casa Matriz	add_casa_matriz	31
122	Can change Casa Matriz	change_casa_matriz	31
123	Can delete Casa Matriz	delete_casa_matriz	31
124	Can view Casa Matriz	view_casa_matriz	31
125	Can add Batera	add_bateria	32
126	Can change Batera	change_bateria	32
127	Can delete Batera	delete_bateria	32
128	Can view Batera	view_bateria	32
129	Can add log entry	add_logentry	33
130	Can change log entry	change_logentry	33
131	Can delete log entry	delete_logentry	33
132	Can view log entry	view_logentry	33
133	Can add saved report	add_savedreport	34
134	Can change saved report	change_savedreport	34
135	Can delete saved report	delete_savedreport	34
136	Can view saved report	view_savedreport	34
137	Can add Oferta de Partes y Piezas	add_oferta_ppa	35
138	Can change Oferta de Partes y Piezas	change_oferta_ppa	35
139	Can delete Oferta de Partes y Piezas	delete_oferta_ppa	35
140	Can view Oferta de Partes y Piezas	view_oferta_ppa	35
141	Can add Partes y Piezas	add_oferta_ppa_proxy	36
142	Can change Partes y Piezas	change_oferta_ppa_proxy	36
143	Can delete Partes y Piezas	delete_oferta_ppa_proxy	36
144	Can view Partes y Piezas	view_oferta_ppa_proxy	36
145	Can add Oferta de Neumticos	add_oferta_neumatico	37
146	Can change Oferta de Neumticos	change_oferta_neumatico	37
147	Can delete Oferta de Neumticos	delete_oferta_neumatico	37
148	Can view Oferta de Neumticos	view_oferta_neumatico	37
149	Can add Batera	add_oferta_bateria_proxy	38
150	Can change Batera	change_oferta_bateria_proxy	38
151	Can delete Batera	delete_oferta_bateria_proxy	38
152	Can view Batera	view_oferta_bateria_proxy	38
153	Can add Neumtico	add_oferta_neumatico_proxy	39
154	Can change Neumtico	change_oferta_neumatico_proxy	39
155	Can delete Neumtico	delete_oferta_neumatico_proxy	39
156	Can view Neumtico	view_oferta_neumatico_proxy	39
157	Can add Oferta de Bateras	add_oferta_bateria	40
158	Can change Oferta de Bateras	change_oferta_bateria	40
159	Can delete Oferta de Bateras	delete_oferta_bateria	40
160	Can view Oferta de Bateras	view_oferta_bateria	40
161	Can add dashboard	add_dashboard	41
162	Can change dashboard	change_dashboard	41
163	Can delete dashboard	delete_dashboard	41
164	Can view dashboard	view_dashboard	41
165	Can add ('Salvas y Restauras',)	add_salvas_restauras	42
166	Can change ('Salvas y Restauras',)	change_salvas_restauras	42
167	Can delete ('Salvas y Restauras',)	delete_salvas_restauras	42
168	Can view ('Salvas y Restauras',)	view_salvas_restauras	42
169	Can add reporte_ solicitud	add_reporte_solicitud	43
170	Can change reporte_ solicitud	change_reporte_solicitud	43
171	Can delete reporte_ solicitud	delete_reporte_solicitud	43
172	Can view reporte_ solicitud	view_reporte_solicitud	43
173	Can add salvas	add_salvas	44
174	Can change salvas	change_salvas	44
175	Can delete salvas	delete_salvas	44
176	Can view salvas	view_salvas	44
177	Can add Ministerio	add_ministerio	45
178	Can change Ministerio	change_ministerio	45
179	Can delete Ministerio	delete_ministerio	45
180	Can view Ministerio	view_ministerio	45
181	Can add OSDE	add_osde	46
182	Can change OSDE	change_osde	46
183	Can delete OSDE	delete_osde	46
184	Can view OSDE	view_osde	46
185	Can add Unidad de Medida	add_um	47
186	Can change Unidad de Medida	change_um	47
187	Can delete Unidad de Medida	delete_um	47
188	Can view Unidad de Medida	view_um	47
189	Can add ('Reporte de Proveedor',)	add_reporte_proveedor	48
190	Can change ('Reporte de Proveedor',)	change_reporte_proveedor	48
191	Can delete ('Reporte de Proveedor',)	delete_reporte_proveedor	48
192	Can view ('Reporte de Proveedor',)	view_reporte_proveedor	48
193	Can add order	add_order	49
194	Can change order	change_order	49
195	Can delete order	delete_order	49
196	Can view order	view_order	49
197	Can add site	add_site	50
198	Can change site	change_site	50
199	Can delete site	delete_site	50
200	Can view site	view_site	50
201	Can add account	add_account	51
202	Can change account	change_account	51
203	Can delete account	delete_account	51
204	Can view account	view_account	51
205	Can add account deletion	add_accountdeletion	52
206	Can change account deletion	change_accountdeletion	52
207	Can delete account deletion	delete_accountdeletion	52
208	Can view account deletion	view_accountdeletion	52
209	Can add email address	add_emailaddress	53
210	Can change email address	change_emailaddress	53
211	Can delete email address	delete_emailaddress	53
212	Can view email address	view_emailaddress	53
213	Can add email confirmation	add_emailconfirmation	54
214	Can change email confirmation	change_emailconfirmation	54
215	Can delete email confirmation	delete_emailconfirmation	54
216	Can view email confirmation	view_emailconfirmation	54
217	Can add signup code	add_signupcode	55
218	Can change signup code	change_signupcode	55
219	Can delete signup code	delete_signupcode	55
220	Can view signup code	view_signupcode	55
221	Can add signup code result	add_signupcoderesult	56
222	Can change signup code result	change_signupcoderesult	56
223	Can delete signup code result	delete_signupcoderesult	56
224	Can view signup code result	view_signupcoderesult	56
225	Can add password expiry	add_passwordexpiry	57
226	Can change password expiry	change_passwordexpiry	57
227	Can delete password expiry	delete_passwordexpiry	57
228	Can view password expiry	view_passwordexpiry	57
229	Can add password history	add_passwordhistory	58
230	Can change password history	change_passwordhistory	58
231	Can delete password history	delete_passwordhistory	58
232	Can view password history	view_passwordhistory	58
\.


--
-- Data for Name: auth_user; Type: TABLE DATA; Schema: public; Owner: const
--

COPY public.auth_user (id, password, last_login, is_superuser, username, first_name, last_name, email, is_staff, is_active, date_joined) FROM stdin;
6	pbkdf2_sha256$320000$7owazJS4lRudbFD2heZddm$/KpS4rqGTwsqf4yt2KNllXKtvo0MKnsGrMKS7orodtE=	2022-05-06 01:45:48.715036-04	f	regina.ms	Regina	Martnez Surez	regina@construimport.cu	t	t	2022-05-06 01:45:05.062039-04
7	pbkdf2_sha256$320000$VOWXzkjOaXtJD1PNQP0jSx$kfiQ3zg1iv1RG72BS4UDnBXyTWARj6L+S9DuJE8jg+8=	\N	f	jose.luis	Jos Luis	Garca Hernndez	jose.luis@construimport.cu	t	t	2022-05-06 01:52:15.675036-04
8	pbkdf2_sha256$320000$idikVvFMhdaE6np39F8sa8$8pNPeEsF0EFGE6VXcyxbbW84QudiXIjN+qCNnJtIhcg=	2022-05-06 01:54:00.810238-04	f	armando.tellez	Armando	Tllez Mesa	armando.tellez@construimport.cu	t	t	2022-05-06 01:53:45.115393-04
10	pbkdf2_sha256$320000$SlohlapM1hWAl0A6WMBi4T$Ra8ZN/RPP33phOb2SfGuLrrVRQNrhEyhqSL52EVT2jo=	2022-06-20 16:39:01.450136-04	f	marketing	Ana	Lopez Hernandez	marketing@construimport.cu	t	t	2022-05-07 02:26:15.057662-04
2	pbkdf2_sha256$320000$EOMk1AMH8ARkI26ZJuN4UQ$ExVht0Y2TeBujhRU/hhJPlfhRW4aUSKYty6Kw93COEA=	2022-06-21 08:22:55.060627-04	f	director_desarrollo	Maria	Garca Marrero	didrdesarrollo@construimport.cu	t	t	2022-04-28 10:29:16.889474-04
4	pbkdf2_sha256$320000$3ZkjrcnYVkPhtGblnjmAd9$TLuQe97nvqV2Z4e1r9C3I7XgquPZZ4FiNc7CujOM4LA=	2022-06-21 08:23:58.93518-04	f	director_comex	Roberto	Perez Fernandez	dircomex@construimport.cu	t	t	2022-04-28 10:38:33.023523-04
9	pbkdf2_sha256$320000$fkcSrFQqX2w6rPgnwRL9P6$0hGwreqDJFbLs0pAb46C74GuIbkWfvTZMQf/rDJLH0M=	2022-06-21 17:08:34.392568-04	f	administrador	Wilfredo	Ferreira Rab	informatico@construimport.cu	t	t	2022-05-07 02:23:28.192872-04
5	pbkdf2_sha256$320000$cXmnKaoYHTnm0rbZHF3Hft$BAe5KHeNO+ilJSp7XObiV4yxLYULqhiDGl2lm9JF1tI=	2022-06-17 07:29:36.416621-04	f	comex1	Maria de las Mercedes	Valdes Rodriguez	comex1@construimport.cu	t	t	2022-04-28 10:39:06.1783-04
1	pbkdf2_sha256$320000$YTWXKPkOxQ5eNpjLg9d0lN$yUnSIwPVvAlACsca9LsmYpZgjDrJqAh4ru7khqtF2dw=	2022-06-17 07:29:54.139103-04	t	admin			informatico@construimport.cu	t	t	2022-04-28 10:18:48.074706-04
\.


--
-- Data for Name: auth_user_groups; Type: TABLE DATA; Schema: public; Owner: const
--

COPY public.auth_user_groups (id, user_id, group_id) FROM stdin;
1	2	2
3	4	1
4	5	3
6	6	5
7	7	6
8	8	7
9	9	8
10	10	4
\.


--
-- Data for Name: auth_user_user_permissions; Type: TABLE DATA; Schema: public; Owner: const
--

COPY public.auth_user_user_permissions (id, user_id, permission_id) FROM stdin;
\.


--
-- Data for Name: bateria; Type: TABLE DATA; Schema: public; Owner: const
--

COPY public.bateria (idproducto, descripcion, codigoum, voltaje, amperaje, codigomarca) FROM stdin;
34552005	Bateria humeda 12 V Ah-4	U	12	4	15
34552006	Bateria humeda 12 V Ah 5	U	12	5	15
34552007	Bateria humeda 12 V-9 Ah	U	12	9	15
34552008	Bateria humeda 12 V -12Ah	U	12	12	15
34552009	Bateria humeda 12 V Ah-14	U	12	14	15
34552010	Bateria humeda 12 V Ah-60	U	12	60	15
34552011	Bateria humeda 12 V Ah-75	U	12	75	15
34552012	Bateria humeda 12 V Ah-95	U	12	95	15
34552013	Bateria humeda 12 V Ah-110	U	12	110	15
34552014	Bateria humeda 12 V Ah-155	U	12	155	15
34552015	Bateria humeda 12 V Ah-200	U	12	200	15
34552016	Bateria humeda12 V X 185 	U	12	185	15
\.


--
-- Data for Name: casa_matriz; Type: TABLE DATA; Schema: public; Owner: const
--

COPY public.casa_matriz (id, direccion, email, telefono, contacto, sitio_web, codmincex) FROM stdin;
1	AVE DE LA ESTACIN S/N	info@rocamoraimportexport.com	3467007659	Samuel	www.rocamora.com	ES-4286
4	AVE DE LA ESTACIN S/N	info@rocamoraimportexport.com	45823671	RAFAEL ORTIZ GIMNEZ	www.rocamora.com	VG-0012
\.


--
-- Data for Name: cliente; Type: TABLE DATA; Schema: public; Owner: const
--

COPY public.cliente (codigoprovincia, correo, direccion, nombre, reeup, siglas, telefono, representante, "OSDE_id", fecha_contrato) FROM stdin;
HB	dinvaisa@dinvai.cu	Calle 18, Playa,  La Habana	DINVAI Construcciones S.A,	126.0.04878	DINVAI	72041716	Roberto Lopez Hernandez	272.0.05568	2022-06-18
HB	maricelis@ecocem.cu	Calle 240, La Lisa	Empresa Comercializadora del Cemento	126.0.04877	ECOCEM	72628660	Maricelis Ramirez Perdomo	272.0.05568	2022-06-18
HB	comercial@eproyiv.cu	Calle 7ma, entre 10 y 8 Playa	Empresa de Proyectos e Inversiones	126.0.03524	EPROYIV	72026578	Regina Paredes Fernndez	272.0.05568	2022-06-18
\.


--
-- Data for Name: django_admin_log; Type: TABLE DATA; Schema: public; Owner: const
--

COPY public.django_admin_log (id, action_time, object_id, object_repr, action_flag, change_message, content_type_id, user_id, ip) FROM stdin;
968	2022-05-26 11:20:56.154083-04	4	Marketing	2	[{"changed": {"fields": ["Permissions"]}}]	3	1	127.0.0.1
969	2022-05-26 18:15:18.206211-04	117	117	2	[{"changed": {"fields": ["Estado", "especialista"]}}]	8	2	127.0.0.1
970	2022-05-27 06:26:15.863107-04	4	Marketing	2	[{"changed": {"fields": ["Permissions"]}}]	3	1	127.0.0.1
971	2022-05-27 06:26:38.122869-04	JGO	Juego	1	[{"added": {}}]	47	10	127.0.0.1
972	2022-05-27 06:38:25.001886-04	VG-0008	FOREGO INTERNATIONAL LTD	2	[]	25	10	127.0.0.1
973	2022-05-27 06:48:38.190678-04	VG-0008	FOREGO INTERNATIONAL LTD	2	[{"changed": {"fields": ["Equipos"]}}]	25	10	127.0.0.1
974	2022-05-27 13:00:37.298163-04	7	7	2	[{"changed": {"fields": ["Estado", "especialista"]}}]	9	2	127.0.0.1
975	2022-05-27 13:18:05.590372-04	118	118	3		8	1	127.0.0.1
977	2022-05-27 17:51:01.986545-04	ES-4425	CICLAUTO AUTOMOCION S.L	2	[{"changed": {"fields": ["Clasificaci\\u00f3n", "Neum\\u00e1ticos"]}}]	25	10	127.0.0.1
978	2022-05-27 17:51:16.09359-04	CN-1287	(CAMCE) CHINA NATIONAL CONSTRUCTION & AGRICULTURAL MACHINARY IMPOT AND EXPORT CORPORATION	2	[{"changed": {"fields": ["Equipos"]}}]	25	10	127.0.0.1
979	2022-05-27 17:51:33.319921-04	CN-0132	CHINA AUTO CAIEC  LTD(CAIEC)	2	[]	25	10	127.0.0.1
985	2022-05-27 19:14:05.472511-04	124	124	2	[{"changed": {"fields": ["Estado", "especialista"]}}]	8	2	127.0.0.1
986	2022-05-27 19:16:58.883745-04	3	Especialista_COMEX_Equipo	2	[{"changed": {"fields": ["Permissions"]}}]	3	1	127.0.0.1
987	2022-05-27 19:18:34.550685-04	125	125	2	[{"changed": {"fields": ["Estado", "especialista"]}}]	8	2	127.0.0.1
988	2022-05-27 19:18:42.265446-04	123	123	2	[{"changed": {"fields": ["Estado", "especialista"]}}]	8	2	127.0.0.1
989	2022-05-27 19:18:48.157583-04	121	121	2	[{"changed": {"fields": ["Estado", "especialista"]}}]	8	2	127.0.0.1
990	2022-05-27 19:18:57.142029-04	9	9	2	[{"changed": {"fields": ["Estado", "especialista"]}}]	9	2	127.0.0.1
991	2022-05-27 19:19:10.195597-04	116	116	2	[{"changed": {"fields": ["Estado", "especialista"]}}]	8	2	127.0.0.1
993	2022-05-27 19:39:36.185789-04	126	126	2	[{"changed": {"fields": ["Estado", "especialista"]}}]	8	2	127.0.0.1
995	2022-05-28 03:36:55.389842-04	126.0.03524	Empresa de Proyectos e Inversiones	1	[{"added": {}}]	30	10	127.0.0.1
996	2022-05-28 03:46:40.583898-04	647386-35-5478	Motoniveladora ISUZU Modelo 3675	1	[{"added": {}}]	22	10	127.0.0.1
997	2022-05-28 03:48:15.798775-04	CN-1287	(CAMCE) CHINA NATIONAL CONSTRUCTION & AGRICULTURAL MACHINARY IMPOT AND EXPORT CORPORATION	2	[{"changed": {"fields": ["Equipos"]}}]	25	10	127.0.0.1
998	2022-05-28 03:48:28.673762-04	CN-0132	CHINA AUTO CAIEC  LTD(CAIEC)	2	[{"changed": {"fields": ["Marcas", "Equipos"]}}]	25	10	127.0.0.1
999	2022-05-28 03:49:32.401774-04	129	129	2	[{"changed": {"fields": ["Estado", "especialista"]}}]	8	2	127.0.0.1
1000	2022-05-28 05:07:25.812273-04	9	administrador	2	[{"changed": {"fields": ["password"]}}]	4	9	127.0.0.1
1001	2022-05-31 03:16:47.280802-04	4	Marketing	2	[{"changed": {"fields": ["Permissions"]}}]	3	1	127.0.0.1
1004	2022-06-04 15:15:03.458681-04	1	admin	2	[{"changed": {"fields": ["password"]}}]	4	1	127.0.0.1
1005	2022-06-11 06:05:51.062139-04	ES-4286	ROCAMORA IMPORT EXPORT S.L	2	[{"changed": {"fields": ["Marcas", "Equipos"]}}, {"added": {"name": "Casa Matriz", "object": "Casa_Matriz object (1)"}}]	25	1	127.0.0.1
1006	2022-06-14 09:12:31.9794-04	8	Administrador	2	[{"changed": {"fields": ["Permissions"]}}]	3	1	127.0.0.1
1007	2022-06-14 09:17:37.275514-04	9	administrador	2	[{"changed": {"fields": ["password"]}}]	4	1	127.0.0.1
1008	2022-06-17 07:12:51.308808-04	5	comex1	2	[{"changed": {"fields": ["password"]}}]	4	1	127.0.0.1
1009	2022-06-17 07:13:54.367115-04	142	142	2	[{"changed": {"fields": ["Estado", "especialista"]}}]	8	2	127.0.0.1
1010	2022-06-17 07:14:06.435516-04	143	143	2	[{"changed": {"fields": ["Estado", "especialista"]}}]	8	2	127.0.0.1
1011	2022-06-17 07:55:32.632926-04	9	administrador	2	[{"changed": {"fields": ["password"]}}]	4	9	127.0.0.1
1012	2022-06-21 08:22:44.997199-04	2	director_desarrollo	2	[{"changed": {"fields": ["password"]}}]	4	9	127.0.0.1
1013	2022-06-21 08:23:51.396974-04	4	director_comex	2	[{"changed": {"fields": ["password"]}}]	4	9	127.0.0.1
\.


--
-- Data for Name: django_content_type; Type: TABLE DATA; Schema: public; Owner: const
--

COPY public.django_content_type (id, app_label, model) FROM stdin;
1	admin	logentry
2	auth	permission
3	auth	group
4	auth	user
5	contenttypes	contenttype
6	sessions	session
7	Solicitudes	solicitud_bateria
8	Solicitudes	solicitud_equipo
9	Solicitudes	solicitud_neumatico
10	Solicitudes	solicitud_ppa
11	Solicitudes	solicitud_ppa_proxy
12	Solicitudes	solicitud_ppa_proveedor
13	Solicitudes	solicitud_neumatico_proxy
14	Solicitudes	solicitud_neumatico_proveedor
15	Solicitudes	solicitud_equipo_proxy
16	Solicitudes	solicitud_equipo_proveedor
17	Solicitudes	solicitud_bateria_proxy
18	Solicitudes	solicitud_bateria_proveedor
19	COMEX	especialistacomex
20	COMEX	oferta_equipo
21	COMEX	oferta_equipo_proxy
22	Nomencladores	equipo
23	Nomencladores	marca
24	Nomencladores	pais
25	Nomencladores	proveedor
26	Nomencladores	provincia
27	Nomencladores	sucursal_cuba
28	Nomencladores	ppa
29	Nomencladores	neumatico
30	Nomencladores	cliente
31	Nomencladores	casa_matriz
32	Nomencladores	bateria
33	Trazas	logentry
34	reports	savedreport
35	COMEX	oferta_ppa
36	COMEX	oferta_ppa_proxy
37	COMEX	oferta_neumatico
38	COMEX	oferta_bateria_proxy
39	COMEX	oferta_neumatico_proxy
40	COMEX	oferta_bateria
41	Dashboard	dashboard
42	Datos	salvas_restauras
43	Reportes	reporte_solicitud
44	Salvas	salvas
45	Nomencladores	ministerio
46	Nomencladores	osde
47	Nomencladores	um
48	Reportes	reporte_proveedor
49	Dashboard	order
50	sites	site
51	account	account
52	account	accountdeletion
53	account	emailaddress
54	account	emailconfirmation
55	account	signupcode
56	account	signupcoderesult
57	account	passwordexpiry
58	account	passwordhistory
\.


--
-- Data for Name: django_migrations; Type: TABLE DATA; Schema: public; Owner: const
--

COPY public.django_migrations (id, app, name, applied) FROM stdin;
1	Nomencladores	0001_initial	2022-04-28 09:36:37.272659-04
2	contenttypes	0001_initial	2022-04-28 09:36:37.288329-04
3	contenttypes	0002_remove_content_type_name	2022-04-28 09:36:37.304332-04
4	auth	0001_initial	2022-04-28 09:36:37.407334-04
5	auth	0002_remove_user_role	2022-04-28 09:36:37.414664-04
6	COMEX	0001_initial	2022-04-28 09:36:37.440664-04
7	Solicitudes	0001_initial	2022-04-28 09:36:37.975301-04
8	COMEX	0002_initial	2022-04-28 09:36:38.13026-04
9	Trazas	0001_initial	2022-04-28 09:36:38.138923-04
10	admin	0001_initial	2022-04-28 09:36:38.180923-04
11	notifications	0001_initial	2022-04-28 09:36:38.202926-04
12	notifications	0002_auto_20150224_1134	2022-04-28 09:36:38.219923-04
13	notifications	0003_notification_data	2022-04-28 09:36:38.228928-04
14	notifications	0004_auto_20150826_1508	2022-04-28 09:36:38.238921-04
15	notifications	0005_auto_20160504_1520	2022-04-28 09:36:38.247948-04
16	notifications	0006_indexes	2022-04-28 09:36:38.330025-04
17	notifications	0007_add_timestamp_index	2022-04-28 09:36:38.343504-04
18	notifications	0008_index_together_recipient_unread	2022-04-28 09:36:38.352526-04
19	notifications	0009_alter_notification_id	2022-04-28 09:36:38.362504-04
20	reports	0001_initial	2022-04-28 09:36:38.396502-04
21	sessions	0001_initial	2022-04-28 09:36:38.4155-04
22	COMEX	0003_remove_oferta_equipo_tipo_oferta_equipo_estado	2022-04-28 10:43:11.158165-04
23	Nomencladores	0002_alter_cliente_provincia	2022-04-28 15:20:42.901168-04
24	Nomencladores	0003_alter_cliente_provincia	2022-04-28 15:20:42.947165-04
25	Nomencladores	0004_rename_provincia_cliente_codigoprovincia	2022-04-28 15:26:53.128446-04
26	Nomencladores	0005_alter_cliente_numcontratocliente	2022-04-28 15:41:34.338862-04
27	Nomencladores	0006_alter_cliente_numcontratocliente	2022-04-28 15:42:55.571007-04
28	COMEX	0004_alter_oferta_equipo_validez	2022-04-28 18:31:39.678506-04
29	COMEX	0005_alter_oferta_equipo_fecha_alter_oferta_equipo_numero	2022-04-29 04:07:11.536456-04
30	Solicitudes	0002_alter_solicitud_bateria_fechasol_and_more	2022-04-29 04:07:11.63089-04
31	COMEX	0006_alter_oferta_equipo_proxy_cantidad_and_more	2022-04-29 14:38:27.380151-04
32	COMEX	0007_alter_oferta_equipo_fecha	2022-05-01 10:12:34.607316-04
33	Solicitudes	0003_alter_solicitud_bateria_fechasol_and_more	2022-05-01 10:12:34.717338-04
34	COMEX	0008_alter_oferta_equipo_pais	2022-05-01 11:33:22.609419-04
35	COMEX	0009_alter_oferta_equipo_proveedor	2022-05-01 11:36:54.377615-04
36	COMEX	0010_alter_oferta_equipo_proveedor	2022-05-01 11:37:26.40935-04
37	Nomencladores	0007_alter_marca_codigomarca	2022-05-01 18:55:16.069412-04
38	COMEX	0011_oferta_equipo_valor_estimado_and_more	2022-05-02 04:21:53.194467-04
39	Solicitudes	0004_alter_solicitud_bateria_fechasol_and_more	2022-05-02 04:21:53.269478-04
40	Solicitudes	0005_alter_solicitud_bateria_fechasol_and_more	2022-05-05 04:25:35.414961-04
41	COMEX	0012_oferta_ppa_alter_oferta_equipo_fecha_and_more	2022-05-05 04:25:35.619475-04
42	COMEX	0013_alter_oferta_equipo_proxy_importe_and_more	2022-05-05 07:49:42.578629-04
43	Solicitudes	0006_alter_solicitud_equipo_equipo_and_more	2022-05-05 07:49:42.625785-04
44	COMEX	0014_alter_oferta_equipo_proxy_importe_and_more	2022-05-05 17:37:53.891705-04
45	COMEX	0015_rename_equipos_oferta_ppa_idproducto_and_more	2022-05-06 01:25:36.868195-04
46	Solicitudes	0007_alter_solicitud_bateria_fechasol_and_more	2022-05-06 01:25:36.930291-04
47	COMEX	0016_oferta_bateria_oferta_neumatico_and_more	2022-05-06 01:32:53.51788-04
48	Solicitudes	0008_remove_solicitud_bateria_idespecialista_and_more	2022-05-06 04:38:19.093701-04
49	Solicitudes	0009_alter_solicitud_equipo_proveedor_codmincex	2022-05-06 04:43:43.27483-04
50	Solicitudes	0010_alter_solicitud_equipo_proveedor_codmincex	2022-05-06 05:38:52.075508-04
51	COMEX	0017_alter_oferta_bateria_especialista_and_more	2022-05-06 05:45:45.073245-04
52	COMEX	0018_alter_oferta_equipo_proxy_solicitud	2022-05-06 07:28:34.220784-04
53	COMEX	0019_oferta_bateria_monto_total_oferta_equipo_monto_total_and_more	2022-05-06 16:00:45.636636-04
54	COMEX	0020_alter_oferta_bateria_fecha_alter_oferta_equipo_fecha_and_more	2022-05-07 01:51:57.282716-04
55	Solicitudes	0011_alter_solicitud_bateria_fechasol_and_more	2022-05-07 01:51:57.360114-04
56	Solicitudes	0012_alter_solicitud_neumatico_proxy_idproducto	2022-05-07 02:02:54.392289-04
57	Solicitudes	0013_alter_solicitud_neumatico_proveedor_codmincex	2022-05-07 02:05:34.838451-04
58	Solicitudes	0014_alter_solicitud_bateria_proveedor_codmincex_and_more	2022-05-07 02:16:05.944891-04
59	COMEX	0021_alter_oferta_bateria_monto_total_and_more	2022-05-07 04:08:32.772568-04
60	Nomencladores	0008_alter_cliente_numcontratocliente	2022-05-07 04:08:32.807634-04
61	Solicitudes	0015_alter_solicitud_bateria_valor_estimado_and_more	2022-05-07 04:08:32.943447-04
62	Solicitudes	0016_remove_solicitud_ppa_equipo	2022-05-07 04:11:58.219781-04
63	Solicitudes	0017_alter_solicitud_bateria_valor_estimado_and_more	2022-05-07 18:18:02.958303-04
64	auth	0003_alter_user_first_name_alter_user_last_name_and_more	2022-05-07 18:18:03.057301-04
65	auth	0004_alter_user_email_alter_user_username	2022-05-07 18:22:59.956921-04
66	COMEX	0022_alter_oferta_bateria_fecha_alter_oferta_equipo_fecha_and_more	2022-05-09 04:47:20.112486-04
67	Solicitudes	0017_alter_solicitud_bateria_fechasol_and_more	2022-05-09 05:23:14.568383-04
68	admin	0002_alter_logentry_object_repr	2022-05-09 05:23:14.585427-04
69	Dashboard	0001_initial	2022-05-09 05:24:24.263619-04
70	Nomencladores	0009_alter_marca_nommarca	2022-05-09 06:43:54.978265-04
71	auth	0003_user_is_admin	2022-05-09 11:26:51.983351-04
72	COMEX	0023_alter_oferta_bateria_fecha_alter_oferta_equipo_fecha_and_more	2022-05-11 13:17:48.76307-04
73	Solicitudes	0018_alter_solicitud_bateria_fechasol_and_more	2022-05-11 13:17:48.854509-04
74	COMEX	0024_alter_oferta_bateria_fecha_alter_oferta_equipo_fecha_and_more	2022-05-12 05:15:52.804505-04
75	Datos	0001_initial	2022-05-12 05:15:52.839549-04
76	Solicitudes	0019_alter_solicitud_bateria_fechasol_and_more	2022-05-12 05:15:52.926917-04
77	COMEX	0025_alter_oferta_bateria_fecha_alter_oferta_equipo_fecha_and_more	2022-05-14 06:22:19.722829-04
78	Reportes	0001_initial	2022-05-14 06:22:19.758419-04
79	Solicitudes	0020_alter_solicitud_bateria_fechasol_and_more	2022-05-14 06:22:19.875435-04
80	Reportes	0002_alter_reporte_solicitud_options	2022-05-14 13:30:16.272806-04
81	Salvas	0001_initial	2022-05-14 13:30:16.293832-04
82	COMEX	0026_alter_oferta_bateria_fecha_alter_oferta_equipo_fecha_and_more	2022-05-15 13:06:44.160007-04
83	Salvas	0002_alter_salvas_options	2022-05-15 13:06:44.166678-04
84	Solicitudes	0021_alter_solicitud_bateria_fechasol_and_more	2022-05-15 13:06:44.295343-04
85	admin	0003_alter_logentry_action_flag_and_more	2022-05-15 13:06:44.3934-04
86	admin	0004_alter_logentry_change_message	2022-05-15 15:57:55.563974-04
87	COMEX	0027_alter_oferta_bateria_fecha_alter_oferta_equipo_fecha_and_more	2022-05-16 09:56:35.555735-04
88	Nomencladores	0010_marca_productos	2022-05-16 09:56:35.568371-04
89	Solicitudes	0022_alter_solicitud_bateria_fechasol_and_more	2022-05-16 09:56:35.685448-04
90	COMEX	0028_alter_oferta_bateria_fecha_alter_oferta_equipo_fecha_and_more	2022-05-21 06:17:40.873984-04
91	Nomencladores	0011_remove_marca_productos_marca_pais	2022-05-21 06:17:40.928948-04
92	Solicitudes	0023_alter_solicitud_bateria_fechasol_and_more	2022-05-21 06:17:41.045909-04
93	Nomencladores	0012_ministerio_remove_cliente_nomcliente_and_more	2022-05-21 07:00:35.101855-04
94	Nomencladores	0013_alter_ministerio_options_alter_osde_options_and_more	2022-05-21 07:47:04.082612-04
95	Nomencladores	0014_alter_cliente_osde_alter_cliente_codigoprovincia	2022-05-21 11:35:56.800349-04
96	Nomencladores	0015_alter_cliente_osde	2022-05-21 11:40:31.747354-04
97	Nomencladores	0016_cliente_representante_alter_cliente_osde	2022-05-21 11:44:53.104439-04
98	COMEX	0029_alter_oferta_bateria_fecha_alter_oferta_equipo_fecha_and_more	2022-05-22 03:58:08.108478-04
99	Nomencladores	0017_alter_cliente_osde	2022-05-22 03:58:08.172845-04
100	Solicitudes	0024_alter_solicitud_bateria_fechasol_and_more	2022-05-22 03:58:08.300747-04
101	Nomencladores	0018_alter_cliente_osde	2022-05-22 03:58:36.571419-04
102	Nomencladores	0019_alter_cliente_osde	2022-05-22 04:00:16.098623-04
103	Nomencladores	0020_alter_cliente_osde	2022-05-22 04:00:16.131627-04
104	Nomencladores	0021_remove_cliente_osde	2022-05-22 04:01:01.760104-04
105	Nomencladores	0022_cliente_osde	2022-05-22 04:03:48.022436-04
106	Nomencladores	0023_alter_cliente_reeup_alter_ministerio_reeup_and_more	2022-05-22 04:06:14.427001-04
107	Nomencladores	0024_um_alter_cliente_nombre_alter_cliente_reeup_and_more	2022-05-22 07:08:05.729283-04
108	Nomencladores	0025_alter_bateria_um_alter_equipo_um_alter_neumatico_um_and_more	2022-05-22 07:12:12.67671-04
109	Nomencladores	0026_alter_pais_nompais_alter_provincia_capital_and_more	2022-05-22 13:48:32.064004-04
110	Nomencladores	0027_alter_pais_nompais_alter_provincia_capital_and_more	2022-05-22 13:51:28.495937-04
111	Solicitudes	0025_alter_solicitud_bateria_numcontratocliente_and_more	2022-05-22 13:51:28.859585-04
112	COMEX	0030_alter_oferta_bateria_fecha_alter_oferta_equipo_fecha_and_more	2022-05-23 03:51:22.39868-04
113	Nomencladores	0028_alter_pais_nompais_alter_proveedor_codmincex_and_more	2022-05-23 03:51:23.01349-04
114	Solicitudes	0026_alter_solicitud_bateria_fechasol_and_more	2022-05-23 03:51:23.236391-04
115	Nomencladores	0029_alter_bateria_descripcion_alter_equipo_descripcion_and_more	2022-05-23 06:55:49.672582-04
116	Nomencladores	0030_alter_cliente_representante_alter_pais_nompais_and_more	2022-05-23 08:08:37.247161-04
117	COMEX	0031_alter_oferta_bateria_fecha_alter_oferta_equipo_fecha_and_more	2022-05-24 04:22:25.090611-04
118	Nomencladores	0031_alter_pais_nompais_alter_provincia_capital_and_more	2022-05-24 04:22:25.184827-04
119	Reportes	0003_reporte_proveedor	2022-05-24 04:22:25.203047-04
120	Solicitudes	0027_alter_solicitud_bateria_fechasol_and_more	2022-05-24 04:22:25.287185-04
121	Nomencladores	0032_alter_pais_nompais_alter_provincia_capital_and_more	2022-05-24 13:13:02.138751-04
122	Nomencladores	0033_alter_pais_nompais_alter_provincia_capital_and_more	2022-05-24 13:18:52.484492-04
123	Nomencladores	0034_alter_pais_nompais_alter_provincia_capital_and_more	2022-05-24 13:21:19.379152-04
124	Trazas	0002_logentry_ip	2022-05-24 13:21:50.980565-04
125	Trazas	0003_alter_logentry_ip	2022-05-24 13:21:50.987567-04
126	Nomencladores	0035_alter_pais_nompais_alter_provincia_capital_and_more	2022-05-24 13:23:27.603407-04
127	Nomencladores	0036_alter_pais_nompais_alter_provincia_capital_and_more	2022-05-24 13:24:01.551158-04
128	admin	0005_logentry_ip	2022-05-24 13:25:08.645666-04
129	Nomencladores	0037_alter_pais_nompais_alter_provincia_capital_and_more	2022-05-24 13:48:03.883594-04
130	admin	0006_alter_logentry_ip	2022-05-24 13:48:03.900593-04
131	COMEX	0032_alter_oferta_bateria_fecha_alter_oferta_equipo_fecha_and_more	2022-05-25 04:10:19.071206-04
132	Nomencladores	0038_alter_pais_nompais_alter_provincia_capital_and_more	2022-05-25 04:10:19.157211-04
133	Solicitudes	0028_alter_solicitud_bateria_fechasol_and_more	2022-05-25 04:10:19.23347-04
134	Trazas	0004_remove_logentry_ip	2022-05-25 04:10:19.239474-04
135	Nomencladores	0039_alter_bateria_um_alter_bateria_marca_and_more	2022-05-25 06:00:14.804953-04
136	COMEX	0033_alter_oferta_bateria_fecha_alter_oferta_equipo_fecha_and_more	2022-05-26 03:09:49.483482-04
137	Nomencladores	0040_alter_cliente_telefono_alter_ministerio_telefono_and_more	2022-05-26 03:09:49.586459-04
138	Nomencladores	0041_alter_pais_nompais_alter_provincia_capital_and_more	2022-05-26 03:09:49.62528-04
139	Nomencladores	0042_alter_pais_nompais_alter_provincia_capital_and_more	2022-05-26 03:09:49.666302-04
140	Nomencladores	0043_alter_pais_nompais_alter_provincia_capital_and_more	2022-05-26 03:09:49.708281-04
141	Nomencladores	0044_alter_pais_nompais_alter_provincia_capital_and_more	2022-05-26 03:09:49.747284-04
142	Solicitudes	0029_alter_solicitud_bateria_fechasol_and_more	2022-05-26 03:09:49.827697-04
143	Solicitudes	0030_alter_solicitud_neumatico_proxy_idproducto	2022-05-26 03:09:49.888701-04
144	Solicitudes	0031_alter_solicitud_bateria_proveedor_codmincex	2022-05-26 03:09:49.937698-04
145	Nomencladores	0045_alter_cliente_telefono_alter_ministerio_telefono_and_more	2022-05-26 03:12:49.196781-04
146	Nomencladores	0046_alter_pais_nompais_alter_provincia_capital_and_more	2022-05-26 03:16:08.512978-04
147	Solicitudes	0032_alter_solicitud_bateria_proxy_cantidad_and_more	2022-05-26 03:16:08.657427-04
148	Nomencladores	0047_alter_casa_matriz_telefono_alter_pais_nompais_and_more	2022-05-26 03:19:31.180987-04
149	Nomencladores	0048_alter_casa_matriz_telefono_alter_cliente_telefono_and_more	2022-05-26 03:31:29.095545-04
150	Solicitudes	0033_alter_solicitud_bateria_proxy_cantidad_and_more	2022-05-26 03:31:29.248914-04
151	Nomencladores	0049_alter_cliente_telefono_alter_ministerio_telefono_and_more	2022-05-26 10:24:48.959387-04
152	Solicitudes	0034_remove_solicitud_bateria_proveedores_and_more	2022-05-26 10:24:49.107167-04
153	Nomencladores	0050_alter_cliente_telefono_alter_ministerio_telefono_and_more	2022-05-26 14:17:21.094822-04
154	Solicitudes	0035_alter_solicitud_bateria_numcontratocliente_and_more	2022-05-26 14:17:21.34188-04
155	Nomencladores	0051_proveedor_baterias_proveedor_equipos_and_more	2022-05-26 18:27:20.285293-04
156	Nomencladores	0052_alter_cliente_telefono_alter_ministerio_telefono_and_more	2022-05-26 18:30:48.801986-04
157	Nomencladores	0053_alter_cliente_telefono_alter_ministerio_telefono_and_more	2022-05-26 18:41:19.607764-04
158	Nomencladores	0054_alter_cliente_telefono_alter_ministerio_telefono_and_more	2022-05-26 18:41:19.668232-04
159	Solicitudes	0036_remove_solicitud_bateria_numcontratocliente_and_more	2022-05-26 18:43:35.898297-04
160	Nomencladores	0055_alter_cliente_telefono_alter_ministerio_telefono_and_more	2022-05-26 18:43:50.142722-04
161	COMEX	0034_alter_oferta_bateria_fecha_alter_oferta_equipo_fecha_and_more	2022-05-27 05:58:11.666166-04
162	Nomencladores	0056_alter_cliente_telefono_alter_ministerio_telefono_and_more	2022-05-27 05:58:11.831344-04
163	Solicitudes	0037_alter_solicitud_bateria_fechasol_and_more	2022-05-27 05:58:11.913316-04
164	Nomencladores	0057_alter_bateria_descripcion_alter_cliente_telefono_and_more	2022-05-27 06:29:43.312632-04
165	Nomencladores	0058_alter_bateria_idproducto_alter_cliente_telefono_and_more	2022-05-27 06:36:28.271781-04
166	Nomencladores	0059_alter_cliente_telefono_alter_ministerio_telefono_and_more	2022-05-27 06:38:10.171854-04
167	Nomencladores	0060_alter_cliente_telefono_alter_ministerio_telefono_and_more	2022-05-27 17:36:26.447501-04
168	Nomencladores	0061_alter_cliente_telefono_alter_ministerio_telefono_and_more	2022-05-27 17:54:56.60236-04
169	Nomencladores	0062_alter_cliente_telefono_alter_ministerio_telefono_and_more	2022-05-27 18:46:07.394243-04
170	Solicitudes	0038_solicitud_bateria_proveedores_and_more	2022-05-27 18:46:07.504411-04
171	Nomencladores	0063_alter_cliente_telefono_alter_ministerio_telefono_and_more	2022-05-27 18:54:14.856971-04
172	auth	0003_alter_user_first_name_alter_user_is_active_and_more	2022-05-27 18:54:14.959954-04
173	COMEX	0035_alter_oferta_bateria_fecha_alter_oferta_equipo_fecha_and_more	2022-06-01 03:14:36.517686-04
174	Nomencladores	0064_alter_cliente_telefono_alter_ministerio_telefono_and_more	2022-06-01 03:14:36.577005-04
175	Solicitudes	0039_alter_solicitud_bateria_fechasol_and_more	2022-06-01 03:14:36.667003-04
176	admin	0007_alter_logentry_action_flag_and_more	2022-06-01 03:14:36.755008-04
177	COMEX	0036_alter_oferta_bateria_fecha_alter_oferta_equipo_fecha_and_more	2022-06-02 13:05:47.793512-04
178	Dashboard	0002_order	2022-06-02 13:05:47.901264-04
179	Nomencladores	0065_alter_cliente_telefono_alter_ministerio_telefono_and_more	2022-06-02 13:05:47.999718-04
180	Solicitudes	0040_alter_solicitud_bateria_fechasol_and_more	2022-06-02 13:05:48.109688-04
181	COMEX	0037_alter_oferta_bateria_fecha_alter_oferta_equipo_fecha_and_more	2022-06-03 07:37:54.195709-04
182	Nomencladores	0066_alter_cliente_telefono_alter_ministerio_telefono_and_more	2022-06-03 07:37:54.294504-04
183	Solicitudes	0041_alter_solicitud_bateria_fechasol_and_more	2022-06-03 07:37:54.398913-04
184	auth	0004_alter_user_email	2022-06-03 07:37:54.479953-04
185	Nomencladores	0067_alter_cliente_telefono_alter_ministerio_telefono_and_more	2022-06-03 08:41:07.1124-04
186	COMEX	0038_alter_oferta_bateria_fecha_alter_oferta_equipo_fecha_and_more	2022-06-11 06:00:09.409788-04
187	COMEX	0039_alter_oferta_bateria_fecha_alter_oferta_equipo_fecha_and_more	2022-06-11 06:00:09.52304-04
188	COMEX	0040_alter_oferta_bateria_fecha_alter_oferta_equipo_fecha_and_more	2022-06-11 06:00:09.697961-04
189	Nomencladores	0068_alter_cliente_telefono_alter_ministerio_telefono_and_more	2022-06-11 06:00:09.77588-04
190	Nomencladores	0069_alter_cliente_telefono_alter_ministerio_telefono_and_more	2022-06-11 06:00:09.856342-04
191	Nomencladores	0070_alter_cliente_telefono_alter_ministerio_telefono_and_more	2022-06-11 06:00:09.936282-04
192	Nomencladores	0071_alter_cliente_telefono_alter_ministerio_telefono_and_more	2022-06-11 06:00:10.017711-04
193	Nomencladores	0072_alter_cliente_telefono_alter_ministerio_telefono_and_more	2022-06-11 06:00:10.102001-04
194	Nomencladores	0073_alter_cliente_telefono_alter_ministerio_telefono_and_more	2022-06-11 06:00:10.4206-04
195	Nomencladores	0074_alter_cliente_telefono_alter_ministerio_telefono_and_more	2022-06-11 06:00:10.509944-04
196	Nomencladores	0075_alter_cliente_telefono_alter_ministerio_telefono_and_more	2022-06-11 06:00:10.591045-04
197	Nomencladores	0076_alter_cliente_telefono_alter_ministerio_telefono_and_more	2022-06-11 06:00:10.675275-04
198	Nomencladores	0077_alter_cliente_telefono_alter_ministerio_telefono_and_more	2022-06-11 06:00:10.7731-04
199	Nomencladores	0078_alter_cliente_telefono_alter_ministerio_telefono_and_more	2022-06-11 06:00:10.875145-04
200	Nomencladores	0079_alter_casa_matriz_telefono_alter_cliente_telefono_and_more	2022-06-11 06:00:11.087883-04
201	Solicitudes	0042_alter_solicitud_bateria_fechasol_and_more	2022-06-11 06:00:11.422845-04
202	Solicitudes	0043_alter_solicitud_equipo_proxy_cantidad	2022-06-11 06:02:55.757271-04
203	Solicitudes	0044_alter_solicitud_bateria_proxy_cantidad_and_more	2022-06-11 06:02:55.952341-04
204	Solicitudes	0045_alter_solicitud_bateria_fechasol_and_more	2022-06-11 06:02:56.172477-04
205	Solicitudes	0046_alter_solicitud_bateria_fechasol_and_more	2022-06-11 06:02:56.308335-04
206	Nomencladores	0080_alter_cliente_telefono_alter_ministerio_telefono_and_more	2022-06-11 06:03:40.434274-04
207	COMEX	0041_alter_oferta_bateria_fecha_alter_oferta_equipo_fecha_and_more	2022-06-14 09:15:32.759647-04
208	Nomencladores	0081_alter_cliente_telefono_alter_ministerio_telefono_and_more	2022-06-14 09:15:32.833138-04
209	Solicitudes	0047_alter_solicitud_bateria_fechasol_and_more	2022-06-14 09:15:32.936513-04
210	account	0001_initial	2022-06-14 09:15:33.292158-04
211	account	0002_fix_str	2022-06-14 09:15:33.329623-04
212	account	0003_passwordexpiry_passwordhistory	2022-06-14 09:15:33.426259-04
213	account	0004_auto_20170416_1821	2022-06-14 09:15:33.452452-04
214	account	0005_update_default_language	2022-06-14 09:15:33.47243-04
215	account	0006_alter_account_id_alter_account_language_and_more	2022-06-14 09:15:34.076024-04
216	sites	0001_initial	2022-06-14 09:15:34.141033-04
217	sites	0002_alter_domain_unique	2022-06-14 09:15:34.156044-04
218	COMEX	0042_alter_oferta_bateria_fecha_alter_oferta_equipo_fecha_and_more	2022-06-15 11:43:44.999187-04
219	Nomencladores	0082_alter_cliente_telefono_alter_ministerio_telefono_and_more	2022-06-15 11:43:45.093074-04
220	Solicitudes	0048_alter_solicitud_bateria_fechasol_and_more	2022-06-15 11:43:45.276288-04
221	Nomencladores	0083_alter_cliente_telefono_alter_ministerio_telefono_and_more	2022-06-15 13:51:22.035514-04
222	Nomencladores	0084_alter_cliente_telefono_alter_ministerio_telefono_and_more	2022-06-15 13:55:09.361048-04
223	Nomencladores	0002_alter_cliente_telefono_alter_ministerio_telefono_and_more	2022-06-15 19:15:04.418554-04
224	COMEX	0002_alter_oferta_bateria_fecha_alter_oferta_equipo_fecha_and_more	2022-06-18 05:54:03.077675-04
225	Nomencladores	0003_cliente_fecha_contrato_alter_cliente_telefono_and_more	2022-06-18 05:54:03.186406-04
\.


--
-- Data for Name: django_session; Type: TABLE DATA; Schema: public; Owner: const
--

COPY public.django_session (session_key, session_data, expire_date) FROM stdin;
53hztnsp8g0hxy0gttc83rds7ozk0bw1	.eJxVjEEOwiAQRe_C2hCmA6V16d4zNMMwSNVAUtqV8e7apAvd_vfef6mJtjVPW5NlmqM6KzDq9DsG4oeUncQ7lVvVXMu6zEHvij5o09ca5Xk53L-DTC1_a2YwXixwcgRJrCHAQOgNWjcCdmNP3kLPmJgYicFL5xwOFoaEwUT1_gD-3Det:1nnVvO:GDYjtE8LclDc735PAgGd9AD8c4V-ifMpSybpB1blRkc	2022-05-21 17:41:30.836465-04
fitkalcdkylqnsppfqrcz1ncpne3fw1j	.eJxVjEEOwiAQRe_C2hCmA6V16d4zNMMwSNVAUtqV8e7apAvd_vfef6mJtjVPW5NlmqM6KzDq9DsG4oeUncQ7lVvVXMu6zEHvij5o09ca5Xk53L-DTC1_a2YwXixwcgRJrCHAQOgNWjcCdmNP3kLPmJgYicFL5xwOFoaEwUT1_gD-3Det:1nnKH6:PrfnF3_cDDyyQfWxk23HvfYPPaqdlX-QfBRIya0Mnzk	2022-05-21 05:15:08.601597-04
v9hdrrxh630edxdvav2o2wsc6xqrwmrx	.eJxVjMsOwiAQRf-FtSG8oS7d-w1kGAapGkhKuzL-uzbpQrf3nHNfLMK21rgNWuKc2ZlJdvrdEuCD2g7yHdqtc-xtXebEd4UfdPBrz_S8HO7fQYVRv_WEjlS2SkgEr7QFq4yjZIT0oUgxERYLBq3LzksoCgIZ0EEbEM4oiez9AdIdN1s:1np8Ad:yI0-iHM67N9_vQxb4nxoxELqebKgfxRDcEWw_fxahPg	2022-05-26 04:43:55.584892-04
8okr7g1zmhtgwin2a0linhyr7zq45cqq	e30:1npWkd:ZJcl6zIJXLlcum1syDhjJG6TUGKJS_ueGby43K_l3qI	2022-05-27 06:58:43.216808-04
fstow60qktqo7o65susnp3np60h29faj	e30:1npWle:600Z8M5FmErmSpJPPZ9A0J1q158v0v3HHXq0LxKPR-c	2022-05-27 06:59:46.60895-04
nghafven491k6kkry96hy35uibwk3cfz	e30:1npWtT:ago4juFK9bOPl5OZ-z19s1JCc2EaIbiB14FfPWnsQq8	2022-05-27 07:07:51.466258-04
99nchg611zcg4v2pmvsp2obyuac0nci9	e30:1npWtn:kv6sFW1jwl_OkLFpblo9-hwmbyI09l9EAMJ12xDmI68	2022-05-27 07:08:11.058977-04
9lmbnlqoiw58c7nv0s6d2u253utckq2x	e30:1npWub:VxwTa8b5TsB_mu69CSGY2Z3QqFUL8DeIaFzUC7XAXjY	2022-05-27 07:09:01.82301-04
7ki5lqfd572whpr2fogj4u7tgj8d775p	e30:1npWuw:lqNQHlb9UFbcG-c6pz2bbEEKYEouLmSa1Yb-WJBea-4	2022-05-27 07:09:22.305407-04
2x9vwghx8b2u9paxx0dkol0spfswkhjz	e30:1npWvF:DChfb43h6FEhbChk84Sm54tCaVVPjewOFrOiLqxLOgw	2022-05-27 07:09:41.252425-04
i6h3fkynch98217zxt3xsb7pysp042n8	e30:1npWvZ:Q-x3viz1W0tMY68urVHR-BCYPSiotHsSpqk0BcUtGGU	2022-05-27 07:10:01.080951-04
obud0ze9woxy93l67qojrt6to9f8n6pl	.eJxVjMsOwiAQRf-FtSG8oS7d-w1kGAapGkhKuzL-uzbpQrf3nHNfLMK21rgNWuKc2ZlJdvrdEuCD2g7yHdqtc-xtXebEd4UfdPBrz_S8HO7fQYVRv_WEjlS2SkgEr7QFq4yjZIT0oUgxERYLBq3LzksoCgIZ0EEbEM4oiez9AdIdN1s:1npho1:abzk9fhPlOZ9J8IbNEPFMudqWTE6LIXefV4dm6LYpuc	2022-05-27 18:46:57.410936-04
hu0maevnoguinrzqr5h2oifq99u6s8dk	e30:1npsKP:ZXYbtAtIcaZj-AGaVaSDaPRx4TI55YwciDZxxElC21k	2022-05-28 06:01:05.969134-04
t31horx6jadonrz27q7umgt44oy8z7y8	.eJxVjMsOwiAQRf-FtSG8oS7d-w1kGAapGkhKuzL-uzbpQrf3nHNfLMK21rgNWuKc2ZlJdvrdEuCD2g7yHdqtc-xtXebEd4UfdPBrz_S8HO7fQYVRv_WEjlS2SkgEr7QFq4yjZIT0oUgxERYLBq3LzksoCgIZ0EEbEM4oiez9AdIdN1s:1nqINg:kvzOZyCrwh3exSb2WwAm6initJeyQgBKzbE9kDarv4g	2022-05-29 09:50:12.25107-04
c8c6or0qqvvg97dioxgwczkzr3zzrs64	.eJxVjMsOwiAQRf-FtSG8oS7d-w1kGAapGkhKuzL-uzbpQrf3nHNfLMK21rgNWuKc2ZlJdvrdEuCD2g7yHdqtc-xtXebEd4UfdPBrz_S8HO7fQYVRv_WEjlS2SkgEr7QFq4yjZIT0oUgxERYLBq3LzksoCgIZ0EEbEM4oiez9AdIdN1s:1nqJC4:TEXDCQuoRXYQtCx7h9SOWZKAtpoUubnhWDWl_z3xD_Y	2022-05-29 10:42:16.979363-04
l1resar8t9jz61nsojf58j1c663bf54h	.eJxVjMsOwiAQRf-FtSG8oS7d-w1kGAapGkhKuzL-uzbpQrf3nHNfLMK21rgNWuKc2ZlJdvrdEuCD2g7yHdqtc-xtXebEd4UfdPBrz_S8HO7fQYVRv_WEjlS2SkgEr7QFq4yjZIT0oUgxERYLBq3LzksoCgIZ0EEbEM4oiez9AdIdN1s:1nqLWk:r9gzarOhyRlj9R3Kl0SbpeSuvOvyeE8ttpqe29laYsk	2022-05-29 13:11:46.821019-04
avf3qro6wshlq0xs3p9skgk7r7kj4thu	.eJw9iTsKgDAMQO-S2cG5lwnBxBIotKYpiqV3V1Tc3qfDricZI0WTSIZYc9JFvTGibE1LhtChuhQIMMP0IDI53X18umqS-rocbvT_MS7rsSOr:1ns3PW:KI4hHDng-fqd9Wrx9kwWF5cZpGgJ20wKuLcDUxh3CcI	2022-06-03 06:15:22.166838-04
1ukkrrghuh6moglyum1anvvijvei9aj5	.eJw9iTsKgDAMQO-S2cG5lwnBxBIotKYpiqV3V1Tc3qfDricZI0WTSIZYc9JFvTGibE1LhtChuhQIMMP0IDI53X18umqS-rocbvT_MS7rsSOr:1ns3S6:iQPGfMzXXntkW2mw1I3BmHbMS0iOLLYTAhcPtxvh8fU	2022-06-03 06:18:02.77943-04
zofrqtpf8o4gdoz6zvdv4ziac1yfsy4o	.eJxVjMsOwiAUBf-FtSGFghSX7vsNzX1wpWogKe3K-O_apAvdnpk5LzXBtuZpa2mZZlYXFdXpd0OgRyo74DuUW9VUy7rMqHdFH7TpsXJ6Xg_37yBDy99aYhR0BMAefO8cdZLIWUY5Y-eMiLEBe_HCxCYMXfRoAxNFy2yGHtT7Ax4gOSI:1ns4EF:5kWw4gN03f0yVmVopE5jGQm7ay5Um4L9K4rH112py7Q	2022-06-03 07:07:47.407682-04
bv4jtklk31xz0pb70o96e8bvvp7ed67l	.eJw9iTsKgDAMQO-S2cG5lwnBxBIotKYpiqV3V1Tc3qfDricZI0WTSIZYc9JFvTGibE1LhtChuhQIMMP0IDI53X18umqS-rocbvT_MS7rsSOr:1ns2CE:Xmm0sqyzH2lbBmoKdNeaKhqQ58NWPJuef1CeNbY3bRo	2022-06-03 04:57:34.135862-04
nwhy71vof72geoua6p1vgmclwrcm4eab	.eJxVjMsOwiAUBf-FtSGFghSX7vsNzX1wpWogKe3K-O_apAvdnpk5LzXBtuZpa2mZZlYXFdXpd0OgRyo74DuUW9VUy7rMqHdFH7TpsXJ6Xg_37yBDy99aYhR0BMAefO8cdZLIWUY5Y-eMiLEBe_HCxCYMXfRoAxNFy2yGHtT7Ax4gOSI:1ntZ0W:sF_AWtF2X3sHKOJAn4fTDRF3zV0RKaFQKncagj4t_n4	2022-06-07 10:11:48.937226-04
2c9iblmsobunn9lp4ybt7ojblu0r6qib	.eJxVjMsOwiAUBf-FtSGFghSX7vsNzX1wpWogKe3K-O_apAvdnpk5LzXBtuZpa2mZZlYXFdXpd0OgRyo74DuUW9VUy7rMqHdFH7TpsXJ6Xg_37yBDy99aYhR0BMAefO8cdZLIWUY5Y-eMiLEBe_HCxCYMXfRoAxNFy2yGHtT7Ax4gOSI:1ntZZQ:tdal0dGZeHbp4R1zS8DRguJqbuyZfTrQ5OIHCZPQ_50	2022-06-07 10:47:52.172602-04
2tedanm81sheyl8tg66u1wkzvyubels9	.eJxVjEEOwiAQRe_C2hCmA6V16d4zNMMwSNVAUtqV8e7apAvd_vfef6mJtjVPW5NlmqM6KzDq9DsG4oeUncQ7lVvVXMu6zEHvij5o09ca5Xk53L-DTC1_a2YwXixwcgRJrCHAQOgNWjcCdmNP3kLPmJgYicFL5xwOFoaEwUT1_gD-3Det:1nuuxy:Vkagp1yPLpEJplaDCtwmiF8txP-3v5WSMXTLXkpTIy8	2022-06-11 03:50:46.090078-04
ebivdfjkpg2l8wxey5658o3u8ro9f9yq	.eJxVjDsOwjAQRO_iGlnGH9ampM8ZrLV3jQPIkeKkQtydREoBzRTz3sxbRFyXGtfOcxxJXEUQp98uYX5y2wE9sN0nmae2zGOSuyIP2uUwEb9uh_t3ULHXbc3JWO-0ITRbGOUBgrWcEbFoBXxx2imniyE4Z8eeoCTwKmEoWMAH8fkC2dw35Q:1nuwfl:GDeX3R-xM1eo8TNxIooWB5OvGbfiSLAoXTqqh41OaYk	2022-06-11 05:40:05.385298-04
xbh9bex51bcet4h4qib4lxwxh3e0tmng	.eJxVjM1uwjAQhN_FZxTZ2CGQI_c-w2qzXicuVkz9o1agvDsEoqq9zcw3M3cBWMsENXMCb0UvlBS7v-GAdOF5JfYT5zE2FOeS_NCslWajufmIlsN56_47mDBPzzWRkh0bRa5F5dhIVHpA3Ult2pPS-9MBO6MOpB0haSTV8b5t9dGoo9ODXE-__Q2TBRwTj5gAcgyefKkWgL-qv0bR30UufBX9XEPYvTRYLPgEy2adD5zfnn9Kwl--LA8JWlvS:1nucf3:ZoHyFg0UZSm2BbqdusUerlsvMLmcbDHk7rtkX_4lV3Y	2022-06-10 08:18:01.825445-04
bpzdpjm61wfu9pjjppqe2d81b0to8cfl	.eJxVjEEOwiAQRe_C2hCmA6V16d4zNMMwSNVAUtqV8e7apAvd_vfef6mJtjVPW5NlmqM6KzDq9DsG4oeUncQ7lVvVXMu6zEHvij5o09ca5Xk53L-DTC1_a2YwXixwcgRJrCHAQOgNWjcCdmNP3kLPmJgYicFL5xwOFoaEwUT1_gD-3Det:1nxd6o:cWlec12FjJ-SABRPpcXGgxajlAaSjhT68-BwqC7vWKY	2022-06-18 15:23:06.361303-04
d4rzk2g7gblh0reyb2fa029jdmh0xaa3	.eJxVjEEOwiAQRe_C2hCKwjAu3fcMZGagUjU0Ke3KeHfbpAvd_vfef6tI61Li2vIcx6SuCtXpd2OSZ647SA-q90nLVJd5ZL0r-qBN91PKr9vh_h0UamWrLfvsByR7GQjO4F0XJGcTkif0bI0LHYExRgAhhE0kFEbnEDmRA1GfL-BjN8k:1o3orC:q9jXs_ZcyNe_QRwx99_3bqYuYZJUIxFNgPRUyTtDyTk	2022-07-05 17:08:34.396601-04
vzoibye6rjdzcxa902fjoiqd7qjdhr2d	.eJxVjEEOwiAQRe_C2hCKwjAu3fcMZGagUjU0Ke3KeHfbpAvd_vfef6tI61Li2vIcx6SuCtXpd2OSZ647SA-q90nLVJd5ZL0r-qBN91PKr9vh_h0UamWrLfvsByR7GQjO4F0XJGcTkif0bI0LHYExRgAhhE0kFEbnEDmRA1GfL-BjN8k:1o2Zeg:1r6Oqjxt_5KvnoZeCixcRnNzZakP_yu2edHEyMHQjL4	2022-07-02 06:42:30.34963-04
y8as7hhzgot7a2q37mgxabjttshabgps	.eJxVjEEOwiAQRe_C2hCKwjAu3fcMZGagUjU0Ke3KeHfbpAvd_vfef6tI61Li2vIcx6SuCtXpd2OSZ647SA-q90nLVJd5ZL0r-qBN91PKr9vh_h0UamWrLfvsByR7GQjO4F0XJGcTkif0bI0LHYExRgAhhE0kFEbnEDmRA1GfL-BjN8k:1o2ZfZ:PiEptaElp8mBINApF0CXLZzPxKgkxtGe6LBAM8K1WjY	2022-07-02 06:43:25.263859-04
\.


--
-- Data for Name: django_site; Type: TABLE DATA; Schema: public; Owner: const
--

COPY public.django_site (id, domain, name) FROM stdin;
1	example.com	example.com
\.


--
-- Data for Name: equipo; Type: TABLE DATA; Schema: public; Owner: const
--

COPY public.equipo (idproducto, descripcion, codigoum, modelo, codigomarca) FROM stdin;
647386-00-563	Camin KAMAZ 5511	U	KM-5511	1
59428400325	BULLDOZER KOMATSU D-155-A-1	U	D-155-A-1	10
647386-35-5478	Motoniveladora ISUZU Modelo 3675	SET	3675	9
\.


--
-- Data for Name: marca; Type: TABLE DATA; Schema: public; Owner: const
--

COPY public.marca (codigomarca, nommarca, codigopais) FROM stdin;
1	KAMAZ	RUS
17	SUPERTIRE	USA
16	MICHELIN	FRA
15	APC	USA
14	NISSAN	JPN
13	NEW HOLLAND	CAN
12	MERCEDES BENZ	DEU
11	LADA	RUS
10	KOMATSU	JPN
9	ISUZU	JPN
8	HITACHI	JPN
7	GEELY	CHN
6	FORD	USA
5	DAEWOO	KOR
4	CATERPILLAR	GBR
3	SANY	CHN
2	DOOSAN	KOR
\.


--
-- Data for Name: ministerio; Type: TABLE DATA; Schema: public; Owner: const
--

COPY public.ministerio (reeup, nombre, siglas, direccion, correo, telefono) FROM stdin;
271.0.05996	Ministerio de la Construccin	MICONS	Avenida Carlos Manuel de Cspedes y esq.35. Plaza de la Revolucin. La Habana. Cuba.	direccion@micons.cu	78555308
\.


--
-- Data for Name: neumatico; Type: TABLE DATA; Schema: public; Owner: const
--

COPY public.neumatico (idproducto, descripcion, codigoum, diametro, grosor, codigomarca) FROM stdin;
594284001	8.25R20 14PR F/C	U	20	8.25	17
594284002	10.00R20 16PR All pos.	U	20	10	17
594284003	11.00R20 18PR	U	20	11	17
594284004	12.00R20 18PR	U	20	12	16
594284005	295/70 R 22,5 cuerdas de acero	U	70	22.5	16
594284006	11R22.5 16PR All Pos. cuerdas de acero	U	22.5	16	16
594284007	12R22.5 16PR All pos. cuerdas de acero	U	22.5	16	16
594284008	275/70/22,5 cuerdas de acero	U	70	22.5	16
594284009	12-16.5 12PR 10PR	U	16	12	16
594284010	14.00-25 (385/95 R25)	U	95	25	16
594284011	18.00-25 32PR E-3 TL	U	32	25	17
594284012	29.5/25 32PR 	U	25	20	17
594284013	20.5-25 20PR	U	25	28	17
594284014	26.5-25 28PR	U	25	10	17
594284015	6.00-9  12PR	U	12	5	17
594284016	6.00-9 sper elstico	SET	9	3	16
594284017	7.00-12 	U	12	7	16
594284018	7.00-12 sper elstico	SET	12	7	16
\.


--
-- Data for Name: oferta_bateria_proxy; Type: TABLE DATA; Schema: public; Owner: const
--

COPY public.oferta_bateria_proxy (id, cantidad, precio, importe, idproducto, numsolicitud) FROM stdin;
\.


--
-- Data for Name: oferta_baterias; Type: TABLE DATA; Schema: public; Owner: const
--

COPY public.oferta_baterias (numero, fecha, validez, estado, valor_estimado, username, idpais, codmincex, numsolicitud, monto_total) FROM stdin;
\.


--
-- Data for Name: oferta_equipo; Type: TABLE DATA; Schema: public; Owner: const
--

COPY public.oferta_equipo (numero, fecha, validez, username, idpais, codmincex, numsolicitud, estado, valor_estimado, monto_total) FROM stdin;
8919	2022-06-17	30 Das	5	\N	VG-0008	142	Pendiente	69300	\N
8920	2022-06-17	30 Das	5	\N	ES-4286	142	Pendiente	69300	\N
8921	2022-06-17	30 Das	5	\N	CN-1287	143	Pendiente	4567	\N
8922	2022-06-17	30 Das	5	\N	CN-0132	143	Pendiente	4567	\N
\.


--
-- Data for Name: oferta_equipo_proxy; Type: TABLE DATA; Schema: public; Owner: const
--

COPY public.oferta_equipo_proxy (id, cantidad, precio, importe, idproducto, numsolicitud) FROM stdin;
\.


--
-- Data for Name: oferta_neumatico_proxy; Type: TABLE DATA; Schema: public; Owner: const
--

COPY public.oferta_neumatico_proxy (id, cantidad, precio, importe, idproducto, numsolicitud) FROM stdin;
\.


--
-- Data for Name: oferta_neumaticos; Type: TABLE DATA; Schema: public; Owner: const
--

COPY public.oferta_neumaticos (numero, fecha, validez, estado, valor_estimado, username, idpais, codmincex, numsolicitud, monto_total) FROM stdin;
\.


--
-- Data for Name: oferta_ppa; Type: TABLE DATA; Schema: public; Owner: const
--

COPY public.oferta_ppa (numero, fecha, validez, estado, valor_estimado, username, idpais, codmincex, numsolicitud, monto_total) FROM stdin;
\.


--
-- Data for Name: oferta_ppa_proxy; Type: TABLE DATA; Schema: public; Owner: const
--

COPY public.oferta_ppa_proxy (id, cantidad, precio, importe, idproducto, numsolicitud) FROM stdin;
\.


--
-- Data for Name: pais; Type: TABLE DATA; Schema: public; Owner: const
--

COPY public.pais (codigopais, nompais) FROM stdin;
AFG	Afganistn(el)
ALB	Albania
DEU	Alemania
AND	Andorra
AGO	Angola
ATG	Antigua y Barbuda
SAU	Arabia Saudita(la)
DZA	Argelia
ARG	Argentina(la)
ARM	Armenia
AUS	Australia
AUT	Austria
AZE	Azerbaiyn
BHS	Bahamas(las)
BHR	Bahrein
BGD	Bangladesh
BRB	Barbados
BLR	Belars
BEL	Blgica
BLZ	Belice
BEN	Benin
BTN	Bhutn
BOL	Bolivia (Estado Plurinacional de)
BIH	Bosnia y Herzegovina
BWA	Botswana
BRA	Brasil(el)
BRN	Brunei Darussalam
BGR	Bulgaria
BFA	Burkina Faso
BDI	Burundi
CPV	Cabo Verde
KHM	Camboya
CMR	Camern(el)
CAN	Canad(el)
TCD	Chad(el)
CZE	Chequia
CHL	Chile
CHN	China
CYP	Chipre
COL	Colombia
COM	Comoras(las)
COG	Congo(el)
CRI	Costa Rica
CIV	Cte dIvoire
HRV	Croacia
CUB	Cuba
DNK	Dinamarca
DJI	Djibouti
DMA	Dominica
ECU	Ecuador(el)
EGY	Egipto
SLV	El Salvador
ARE	Emiratos rabes Unidos(los)
ERI	Eritrea
SVK	Eslovaquia
SVN	Eslovenia
ESP	Espaa
USA	Estados Unidos de Amrica(los)
EST	Estonia
SWZ	Eswatini
ETH	Etiopa
RUS	Federacin de Rusia(la)
FJI	Fiji
PHL	Filipinas
FIN	Finlandia
FRA	Francia
GAB	Gabn(el)
GMB	Gambia
GEO	Georgia
GHA	Ghana
GRD	Granada
GRC	Grecia
GTM	Guatemala
GIN	Guinea
GNQ	Guinea Ecuatorial
GNB	Guinea-Bissau
GUY	Guyana
HTI	Hait
HND	Honduras
HUN	Hungra
IND	India(la)
IDN	Indonesia
IRN	Irn (Repblica Islmica del)
IRQ	Iraq(el)
IRL	Irlanda
ISL	Islandia
COK	Islas Cook(las)
MHL	Islas Marshall(las)
SLB	Islas Salomn(las)
ISR	Israel
ITA	Italia
JAM	Jamaica
JPN	Japn(el)
JOR	Jordania
KAZ	Kazajstn
KEN	Kenya
KGZ	Kirguistn
KIR	Kiribati
KWT	Kuwait
LSO	Lesotho
LVA	Letonia
LBN	Lbano(el)
LBR	Liberia
LBY	Libia
LIE	Liechtenstein
LTU	Lituania
LUX	Luxemburgo
MDG	Madagascar
MYS	Malasia
MWI	Malawi
MDV	Maldivas
MLI	Mal
MLT	Malta
MAR	Marruecos
MUS	Mauricio
MRT	Mauritania
MEX	Mxico
FSM	Micronesia (Estados Federados de)
MCO	Mnaco
MNG	Mongolia
MNE	Montenegro
MOZ	Mozambique
MMR	Myanmar
NAM	Namibia
NRU	Nauru
NPL	Nepal
NIC	Nicaragua
NER	Nger(el)
NGA	Nigeria
NIU	Niue
NOR	Noruega
NZL	Nueva Zelandia
OMN	Omn
NLD	Pases Bajos(los)
PAK	Pakistn(el)
PLW	Palau
PAN	Panam
PNG	Papua Nueva Guinea
PRY	Paraguay(el)
PER	Per(el)
POL	Polonia
PRT	Portugal
QAT	Qatar
GBR	Reino Unido de Gran Bretaa e Irlanda del Norte(el)
SYR	Repblica rabe Siria(la)
CAF	Repblica Centroafricana(la)
KOR	Repblica de Corea(la)
MKD	Repblica de Macedonia del Norte(la)
MDA	Repblica de Moldova(la)
COD	Repblica Democrtica del Congo(la)
LAO	Repblica Democrtica Popular Lao(la)
DOM	Repblica Dominicana(la)
PRK	Repblica Popular Democrtica de Corea(la)
TZA	Repblica Unida de Tanzana(la)
ROU	Rumania
RWA	Rwanda
KNA	Saint Kitts y Nevis
WSM	Samoa
SMR	San Marino
VCT	San Vicente y las Granadinas
LCA	Santa Luca
VAT	Santa Sede(la)
STP	Santo Tom y Prncipe
SEN	Senegal(el)
SRB	Serbia
SYC	Seychelles
SLE	Sierra Leona
SGP	Singapur
SOM	Somalia
LKA	Sri Lanka
ZAF	Sudfrica
SDN	Sudn(el)
SSD	Sudn del Sur
SWE	Suecia
CHE	Suiza
SUR	Suriname
THA	Tailandia
TJK	Tayikistn
TLS	Timor-Leste
TGO	Togo(el)
TON	Tonga
TTO	Trinidad yTabago
TUN	Tnez
TKM	Turkmenistn
TUR	Turqua
TUV	Tuvalu
UKR	Ucrania
UGA	Uganda
URY	Uruguay(el)
UZB	Uzbekistn
VUT	Vanuatu
VEN	Venezuela (Repblica Bolivariana de)
VNM	Viet Nam
YEM	Yemen(el)
ZMB	Zambia
ZWE	Zimbabwe
\.


--
-- Data for Name: ppa; Type: TABLE DATA; Schema: public; Owner: const
--

COPY public.ppa (idproducto, descripcion, codigoum, codigomarca) FROM stdin;
600-821-5170	Alternador 24V	U	1
07145-02146\n	ANILLO GOMA\n	U	1
07155-01535\n	ANILLO\n	U	1
01643-31645\n	ARANDELA\n	U	1
01010-31640\n	ARANDELA\n	U	1
01602-02060\n	ARANDELA\n	U	1
01602-01236\n	ARANDELA\n	U	1
01643-31232\n	ARANDELA\n	U	1
01602-01648\n	ARANDELA\n	U	1
154-15-22811\n	ARO SELLO T\n	U	1
154-13-42710\n	ARO SELLO TEFLON\n	U	1
154-15-22821\n	ARO SELLO\n	U	1
155-15--12811\n	ARO SELLO\n	U	1
155-15-12820\n	ARO SELLO\n	U	1
154-15-22831	ARO SELLO\n	U	1
175-22-21190\n	ARO SELLO\n	U	1
175-13-21720\n	ARO SELO HIERRO\n	U	1
154 33 11131\n	BANDAS\n	U	1
07432-71203	Bomba caja velocidad completa	U	1
07436-72202\n	Bomba de Marcha	U	1
07444-66200	Bomba organos de trabajo completa	U	1
07444-66102\n	Bomba Principal	U	1
154 33 21320\n	BUJES\n	U	1
154 33 21330\n	BUJES\n	U	1
154-63-42320\n	BUJES\n	U	1
07177-07015\n	BUJES\n	U	1
07177-07030\n	BUJES\n	U	1
154-63-12340\n	BUJES\n	U	1
07177-07105\n	BUJES\n	U	1
154-32-03004	Cadenas completas	JGO	1
154-20-01000	Cardn completo	U	1
154 63 19400\n	C. HCO DE LA CUCHILLA\n	U	1
154 63 19300\n	C.HCO DE LA CUCHILLA\n	U	1
155-43-15240	CABLE DE EMERGENCIA\n	U	1
154-32-03004\n	CADENA CON TEJAS\n	U	1
154 63 12540\n	CAMISA DE LA CUCHILLA\n	U	1
154 63 42741\n	CAMISA\n	U	1
154 63 42841\n	CAMISA\n	U	1
154 20 01000\n	CARDAN COMPLETO\n	U	1
175-78-31230\n	CASQUILLO RUSTER\n	U	1
08086-01000	Chucho de arranque	U	1
150-06-12120\n	CHUCHO DE LUZ\n	U	1
08661-00000\n	CHUCHO PRECALENTAMIENTO\n	U	10
154 63 42503\n	CILINDRO HCO RIPPER\n	U	10
154 63 42603\n	CILINDRO HCO RIPPER\n	U	10
150 30 11141\n	CILINDRO\n	U	10
154 40 00020\n	CONTROL DE LOS MANDOS\n	U	10
07020 00000\n	COPILLA DE ENGRASE\n	U	10
07020 00675\n	COPILLA DE ENGRASE\n	U	13
07020 00900\n	COPILLA DE ENGRASE\n	U	13
154 13 41660\n	COPLING\n	U	13
154 21 12121\n	CORONA\n	U	9
154 20 00020\n	CRUCETA\n	U	9
19M.15.12721	DISCO\n	U	9
175-30-00425	Diagonales	U	9
154.13.41652	EJE DEJ CONVERTIDOR\n	U	9
154 15 32510\n	EJES\n	U	9
154 15 32530\n	EJES\n	U	9
175.49.11222	FILTRO	U	4
175-49-11231\n	FILTRO	U	4
175-49-11580\n	FILTRO	U	4
706301100	FILTRO	U	4
150-30-13441\n	FILTRO	U	4
154-21-22211\n	FILTRO	U	4
707-42-15012(155-63-\n	FILTRO	U	4
154-06-36770\n	FAROLES\n	U	4
175.4911.580	Filtro aceite convertidor	U	4
195-13.3420	Filtro aceite convertidor	U	4
O7114-OO609	Filtro aceite convertidor	U	4
150-70-21346	Gaviln derecho	U	4
150-70-21356	Gaviln izquierdo	U	4
24I-81-00002	Gavilanes derecho	U	4
24Y-81-00001	Gavilanes izquierdo	U	4
155-15-05020\n	JGO REP. CAJA VELOCIDAD\n	U	4
6711-81-9510	Junta del turbo	U	4
6710-11-1811	Junta tapa block	JGO	4
154-13-05010\n	KIT REP. CONVERTIDOR\n	SET	4
08128 32400\n	LAMPARA TRASERA\n	U	4
154 06 36780\n	LAMPARA\n	U	4
\.


--
-- Data for Name: ppa_equipo; Type: TABLE DATA; Schema: public; Owner: const
--

COPY public.ppa_equipo (id, ppa_id, equipo_id) FROM stdin;
\.


--
-- Data for Name: proveedor; Type: TABLE DATA; Schema: public; Owner: const
--

COPY public.proveedor (codmincex, nomproveedor, clasificacion, codigopais) FROM stdin;
PA-1439	EL ESTABLO S.A	Comercializador	PAN
VG-0008	FOREGO INTERNATIONAL LTD	Comercializador	GBR
ES-4425	CICLAUTO AUTOMOCION S.L	Comercializador	ESP
CN-1287	(CAMCE) CHINA NATIONAL CONSTRUCTION & AGRICULTURAL MACHINARY IMPOT AND EXPORT CORPORATION	Productor	CHN
CN-0132	CHINA AUTO CAIEC  LTD(CAIEC)	Productor	CHN
ES-4286	ROCAMORA IMPORT EXPORT S.L	Comercializador	ESP
VG-0010	RIRFN A	Comercializador	DEU
VG-0011	RIRFN B	Comercializador	DEU
VG-0012	RIRFN C	Comercializador	DEU
\.


--
-- Data for Name: proveedor_baterias; Type: TABLE DATA; Schema: public; Owner: const
--

COPY public.proveedor_baterias (id, proveedor_id, bateria_id) FROM stdin;
\.


--
-- Data for Name: proveedor_equipos; Type: TABLE DATA; Schema: public; Owner: const
--

COPY public.proveedor_equipos (id, proveedor_id, equipo_id) FROM stdin;
1	VG-0008	647386-00-563
2	CN-1287	59428400325
3	CN-1287	647386-35-5478
4	CN-0132	647386-35-5478
5	ES-4286	647386-00-563
\.


--
-- Data for Name: proveedor_marca; Type: TABLE DATA; Schema: public; Owner: const
--

COPY public.proveedor_marca (id, proveedor_id, marca_id) FROM stdin;
1	VG-0008	1
2	VG-0008	2
3	VG-0008	3
4	PA-1439	3
5	PA-1439	4
6	PA-1439	5
7	ES-4425	16
8	ES-4425	17
9	CN-1287	9
10	CN-1287	10
11	CN-1287	4
12	CN-1287	7
13	CN-0132	2
14	CN-0132	13
15	CN-0132	14
16	CN-0132	9
17	ES-4286	1
\.


--
-- Data for Name: proveedor_neumaticos; Type: TABLE DATA; Schema: public; Owner: const
--

COPY public.proveedor_neumaticos (id, proveedor_id, neumatico_id) FROM stdin;
1	ES-4425	594284004
2	ES-4425	594284002
\.


--
-- Data for Name: proveedor_ppa; Type: TABLE DATA; Schema: public; Owner: const
--

COPY public.proveedor_ppa (id, proveedor_id, ppa_id) FROM stdin;
\.


--
-- Data for Name: provincia; Type: TABLE DATA; Schema: public; Owner: const
--

COPY public.provincia (codigoprovincia, nombre, capital) FROM stdin;
VC	Villa Clara	Santa Clara
SP	Sancti Spritus	Sancti Spritus
SC	Santiago de Cuba	Santiago
PR	Pinar del Ro	Pinar del Ro
MT	Matanzas	Matanzas
MB	Mayabeque	San Jos
LT	Las Tunas	Las Tunas
IJ	Isla de la Juventud	Nueva Gerona
HL	Holgun	Holgun
HB	La Habana	La Habana
GT	Guantnamo	Guantnamo
GR	Granma	Bayamo
CM	Camaguey	Camaguey
CF	Cienfuegos	Cienfuegos
CA	Ciego de vila	Ciego de vila
AT	Artemisa	Artemisa
\.


--
-- Data for Name: reports_savedreport; Type: TABLE DATA; Schema: public; Owner: const
--

COPY public.reports_savedreport (id, report, report_file, date_modified, date_created, run_by_id) FROM stdin;
\.


--
-- Data for Name: solicitud_bateria; Type: TABLE DATA; Schema: public; Owner: const
--

COPY public.solicitud_bateria (numsolicitud, fechasol, estado, observaciones, valor_estimado, username, reeup) FROM stdin;
\.


--
-- Data for Name: solicitud_bateria_proveedor; Type: TABLE DATA; Schema: public; Owner: const
--

COPY public.solicitud_bateria_proveedor (id, codmincex_id, numsolicitud) FROM stdin;
\.


--
-- Data for Name: solicitud_bateria_proxy; Type: TABLE DATA; Schema: public; Owner: const
--

COPY public.solicitud_bateria_proxy (id, cantidad, idproducto, numsolicitud) FROM stdin;
\.


--
-- Data for Name: solicitud_equipo; Type: TABLE DATA; Schema: public; Owner: const
--

COPY public.solicitud_equipo (numsolicitud, fechasol, estado, observaciones, valor_estimado, username, reeup) FROM stdin;
142	2022-06-17	Aprobada	Solicitud 1	69300	5	126.0.04878
143	2022-06-17	Aprobada	qe2q	4567	5	126.0.03524
144	2022-06-20	Pendiente	qw	12222	\N	126.0.04878
145	2022-06-21	Pendiente	qwsws	44555	\N	126.0.04878
146	2022-06-21	Pendiente	2222	33344	\N	126.0.03524
147	2022-06-21	Pendiente	2ws	157777	\N	126.0.04877
148	2022-06-21	Pendiente	qq2	56666	\N	126.0.04877
149	2022-06-21	Pendiente	q	56000	\N	126.0.03524
\.


--
-- Data for Name: solicitud_equipo_proveedor; Type: TABLE DATA; Schema: public; Owner: const
--

COPY public.solicitud_equipo_proveedor (id, codmincex, numsolicitud) FROM stdin;
42	VG-0008	142
43	ES-4286	142
44	CN-1287	143
45	CN-0132	143
46	VG-0008	144
47	ES-4286	144
48	CN-1287	145
49	CN-1287	146
50	CN-0132	146
51	VG-0008	147
52	ES-4286	147
53	CN-1287	148
54	CN-1287	149
\.


--
-- Data for Name: solicitud_equipo_proxy; Type: TABLE DATA; Schema: public; Owner: const
--

COPY public.solicitud_equipo_proxy (id, cantidad, idproducto, numsolicitud) FROM stdin;
78	6	647386-00-563	142
79	3	647386-35-5478	143
80	1	647386-00-563	144
81	1	59428400325	145
82	2	647386-35-5478	146
83	1	647386-00-563	147
84	2	59428400325	148
85	12	59428400325	149
\.


--
-- Data for Name: solicitud_neumatico; Type: TABLE DATA; Schema: public; Owner: const
--

COPY public.solicitud_neumatico (numsolicitud, fechasol, estado, observaciones, valor_estimado, username, reeup) FROM stdin;
6	2022-05-26	Pendiente	dsc	50000	\N	126.0.04878
7	2022-05-27	Aprobada	qssq	46000	7	126.0.04878
8	2022-05-27	Pendiente	Solicitud	45000	\N	126.0.04878
9	2022-05-27	Aprobada	123	35000	7	126.0.04878
10	2022-06-17	Pendiente	Solicitud 9	65000	\N	126.0.04878
\.


--
-- Data for Name: solicitud_neumatico_proveedor; Type: TABLE DATA; Schema: public; Owner: const
--

COPY public.solicitud_neumatico_proveedor (id, codmincex_id, numsolicitud) FROM stdin;
\.


--
-- Data for Name: solicitud_neumatico_proxy; Type: TABLE DATA; Schema: public; Owner: const
--

COPY public.solicitud_neumatico_proxy (id, cantidad, idproducto, numsolicitud) FROM stdin;
12	20	594284006	6
13	3	594284001	7
14	5	594284007	8
15	1	594284005	9
16	20	594284009	10
\.


--
-- Data for Name: solicitud_ppa; Type: TABLE DATA; Schema: public; Owner: const
--

COPY public.solicitud_ppa (numsolicitud, fechasol, estado, observaciones, valor_estimado, username, reeup) FROM stdin;
7	2022-06-17	Pendiente	Solicitud 7	59000	\N	126.0.03524
\.


--
-- Data for Name: solicitud_ppa_proveedor; Type: TABLE DATA; Schema: public; Owner: const
--

COPY public.solicitud_ppa_proveedor (id, codmincex_id, numsolicitud) FROM stdin;
\.


--
-- Data for Name: solicitud_ppa_proxy; Type: TABLE DATA; Schema: public; Owner: const
--

COPY public.solicitud_ppa_proxy (id, cantidad, idproducto, numsolicitud) FROM stdin;
\.


--
-- Data for Name: sucursal_cuba; Type: TABLE DATA; Schema: public; Owner: const
--

COPY public.sucursal_cuba (id, direccion, email, telefono, contacto, carnet_trabajo, codmincex) FROM stdin;
1	AVE DE LA ESTACIN S/N	info@rocamoraimportexport.com	647528	Armando Lopez	ERNESTO BROOKS/ MAR24---LEON TER/ OCT/23	VG-0012
\.


--
-- Data for Name: um; Type: TABLE DATA; Schema: public; Owner: const
--

COPY public.um (codigoum, descripcionum) FROM stdin;
U	Unidad
MT	Metro
SET	Set
IN	Pulgadas
JGO	Juego
\.


--
-- Name: Dashboard_dashboard_id_seq; Type: SEQUENCE SET; Schema: public; Owner: const
--

SELECT pg_catalog.setval('public."Dashboard_dashboard_id_seq"', 1, false);


--
-- Name: Dashboard_order_id_seq; Type: SEQUENCE SET; Schema: public; Owner: const
--

SELECT pg_catalog.setval('public."Dashboard_order_id_seq"', 1, true);


--
-- Name: Datos_salvas_restauras_id_seq; Type: SEQUENCE SET; Schema: public; Owner: const
--

SELECT pg_catalog.setval('public."Datos_salvas_restauras_id_seq"', 1, false);


--
-- Name: Reportes_reporte_proveedor_id_seq; Type: SEQUENCE SET; Schema: public; Owner: const
--

SELECT pg_catalog.setval('public."Reportes_reporte_proveedor_id_seq"', 1, false);


--
-- Name: Reportes_reporte_solicitud_id_seq; Type: SEQUENCE SET; Schema: public; Owner: const
--

SELECT pg_catalog.setval('public."Reportes_reporte_solicitud_id_seq"', 1, false);


--
-- Name: Salvas_salvas_id_seq; Type: SEQUENCE SET; Schema: public; Owner: const
--

SELECT pg_catalog.setval('public."Salvas_salvas_id_seq"', 1, false);


--
-- Name: Trazas_logentry_id_seq; Type: SEQUENCE SET; Schema: public; Owner: const
--

SELECT pg_catalog.setval('public."Trazas_logentry_id_seq"', 1, false);


--
-- Name: account_account_id_seq; Type: SEQUENCE SET; Schema: public; Owner: const
--

SELECT pg_catalog.setval('public.account_account_id_seq', 1, false);


--
-- Name: account_accountdeletion_id_seq; Type: SEQUENCE SET; Schema: public; Owner: const
--

SELECT pg_catalog.setval('public.account_accountdeletion_id_seq', 1, false);


--
-- Name: account_emailaddress_id_seq; Type: SEQUENCE SET; Schema: public; Owner: const
--

SELECT pg_catalog.setval('public.account_emailaddress_id_seq', 1, false);


--
-- Name: account_emailconfirmation_id_seq; Type: SEQUENCE SET; Schema: public; Owner: const
--

SELECT pg_catalog.setval('public.account_emailconfirmation_id_seq', 1, false);


--
-- Name: account_passwordexpiry_id_seq; Type: SEQUENCE SET; Schema: public; Owner: const
--

SELECT pg_catalog.setval('public.account_passwordexpiry_id_seq', 1, false);


--
-- Name: account_passwordhistory_id_seq; Type: SEQUENCE SET; Schema: public; Owner: const
--

SELECT pg_catalog.setval('public.account_passwordhistory_id_seq', 1, false);


--
-- Name: account_signupcode_id_seq; Type: SEQUENCE SET; Schema: public; Owner: const
--

SELECT pg_catalog.setval('public.account_signupcode_id_seq', 1, false);


--
-- Name: account_signupcoderesult_id_seq; Type: SEQUENCE SET; Schema: public; Owner: const
--

SELECT pg_catalog.setval('public.account_signupcoderesult_id_seq', 1, false);


--
-- Name: auth_group_id_seq; Type: SEQUENCE SET; Schema: public; Owner: const
--

SELECT pg_catalog.setval('public.auth_group_id_seq', 8, true);


--
-- Name: auth_group_permissions_id_seq; Type: SEQUENCE SET; Schema: public; Owner: const
--

SELECT pg_catalog.setval('public.auth_group_permissions_id_seq', 196, true);


--
-- Name: auth_permission_id_seq; Type: SEQUENCE SET; Schema: public; Owner: const
--

SELECT pg_catalog.setval('public.auth_permission_id_seq', 232, true);


--
-- Name: auth_user_groups_id_seq; Type: SEQUENCE SET; Schema: public; Owner: const
--

SELECT pg_catalog.setval('public.auth_user_groups_id_seq', 11, true);


--
-- Name: auth_user_id_seq; Type: SEQUENCE SET; Schema: public; Owner: const
--

SELECT pg_catalog.setval('public.auth_user_id_seq', 14, true);


--
-- Name: auth_user_user_permissions_id_seq; Type: SEQUENCE SET; Schema: public; Owner: const
--

SELECT pg_catalog.setval('public.auth_user_user_permissions_id_seq', 1, false);


--
-- Name: casa_matriz_id_seq; Type: SEQUENCE SET; Schema: public; Owner: const
--

SELECT pg_catalog.setval('public.casa_matriz_id_seq', 4, true);


--
-- Name: django_admin_log_id_seq; Type: SEQUENCE SET; Schema: public; Owner: const
--

SELECT pg_catalog.setval('public.django_admin_log_id_seq', 1013, true);


--
-- Name: django_content_type_id_seq; Type: SEQUENCE SET; Schema: public; Owner: const
--

SELECT pg_catalog.setval('public.django_content_type_id_seq', 58, true);


--
-- Name: django_migrations_id_seq; Type: SEQUENCE SET; Schema: public; Owner: const
--

SELECT pg_catalog.setval('public.django_migrations_id_seq', 225, true);


--
-- Name: django_site_id_seq; Type: SEQUENCE SET; Schema: public; Owner: const
--

SELECT pg_catalog.setval('public.django_site_id_seq', 1, true);


--
-- Name: marca_codigomarca_seq; Type: SEQUENCE SET; Schema: public; Owner: const
--

SELECT pg_catalog.setval('public.marca_codigomarca_seq', 1, false);


--
-- Name: marca_codigomarca_seq1; Type: SEQUENCE SET; Schema: public; Owner: const
--

SELECT pg_catalog.setval('public.marca_codigomarca_seq1', 18, true);


--
-- Name: oferta_bateria_proxy_id_seq; Type: SEQUENCE SET; Schema: public; Owner: const
--

SELECT pg_catalog.setval('public.oferta_bateria_proxy_id_seq', 1, false);


--
-- Name: oferta_baterias_numero_seq; Type: SEQUENCE SET; Schema: public; Owner: const
--

SELECT pg_catalog.setval('public.oferta_baterias_numero_seq', 1, false);


--
-- Name: oferta_equipo_numero_seq; Type: SEQUENCE SET; Schema: public; Owner: const
--

SELECT pg_catalog.setval('public.oferta_equipo_numero_seq', 8922, true);


--
-- Name: oferta_equipo_proxy_id_seq; Type: SEQUENCE SET; Schema: public; Owner: const
--

SELECT pg_catalog.setval('public.oferta_equipo_proxy_id_seq', 8481, true);


--
-- Name: oferta_neumatico_proxy_id_seq; Type: SEQUENCE SET; Schema: public; Owner: const
--

SELECT pg_catalog.setval('public.oferta_neumatico_proxy_id_seq', 1, false);


--
-- Name: oferta_neumaticos_numero_seq; Type: SEQUENCE SET; Schema: public; Owner: const
--

SELECT pg_catalog.setval('public.oferta_neumaticos_numero_seq', 1, false);


--
-- Name: oferta_ppa_numero_seq; Type: SEQUENCE SET; Schema: public; Owner: const
--

SELECT pg_catalog.setval('public.oferta_ppa_numero_seq', 1, false);


--
-- Name: oferta_ppa_proxy_id_seq; Type: SEQUENCE SET; Schema: public; Owner: const
--

SELECT pg_catalog.setval('public.oferta_ppa_proxy_id_seq', 1, false);


--
-- Name: ppa_equipo_id_seq; Type: SEQUENCE SET; Schema: public; Owner: const
--

SELECT pg_catalog.setval('public.ppa_equipo_id_seq', 28, true);


--
-- Name: proveedor_baterias_id_seq; Type: SEQUENCE SET; Schema: public; Owner: const
--

SELECT pg_catalog.setval('public.proveedor_baterias_id_seq', 1, false);


--
-- Name: proveedor_equipos_id_seq; Type: SEQUENCE SET; Schema: public; Owner: const
--

SELECT pg_catalog.setval('public.proveedor_equipos_id_seq', 5, true);


--
-- Name: proveedor_marca_id_seq; Type: SEQUENCE SET; Schema: public; Owner: const
--

SELECT pg_catalog.setval('public.proveedor_marca_id_seq', 17, true);


--
-- Name: proveedor_neumaticos_id_seq; Type: SEQUENCE SET; Schema: public; Owner: const
--

SELECT pg_catalog.setval('public.proveedor_neumaticos_id_seq', 2, true);


--
-- Name: proveedor_ppa_id_seq; Type: SEQUENCE SET; Schema: public; Owner: const
--

SELECT pg_catalog.setval('public.proveedor_ppa_id_seq', 1, false);


--
-- Name: reports_savedreport_id_seq; Type: SEQUENCE SET; Schema: public; Owner: const
--

SELECT pg_catalog.setval('public.reports_savedreport_id_seq', 1, false);


--
-- Name: solicitud_bateria_numsolicitud_seq; Type: SEQUENCE SET; Schema: public; Owner: const
--

SELECT pg_catalog.setval('public.solicitud_bateria_numsolicitud_seq', 4, true);


--
-- Name: solicitud_bateria_proveedor_id_seq; Type: SEQUENCE SET; Schema: public; Owner: const
--

SELECT pg_catalog.setval('public.solicitud_bateria_proveedor_id_seq', 4, true);


--
-- Name: solicitud_bateria_proxy_id_seq; Type: SEQUENCE SET; Schema: public; Owner: const
--

SELECT pg_catalog.setval('public.solicitud_bateria_proxy_id_seq', 2, true);


--
-- Name: solicitud_equipo_numsolicitud_seq; Type: SEQUENCE SET; Schema: public; Owner: const
--

SELECT pg_catalog.setval('public.solicitud_equipo_numsolicitud_seq', 149, true);


--
-- Name: solicitud_equipo_proveedor_id_seq; Type: SEQUENCE SET; Schema: public; Owner: const
--

SELECT pg_catalog.setval('public.solicitud_equipo_proveedor_id_seq', 54, true);


--
-- Name: solicitud_equipo_proxy_id_seq; Type: SEQUENCE SET; Schema: public; Owner: const
--

SELECT pg_catalog.setval('public.solicitud_equipo_proxy_id_seq', 85, true);


--
-- Name: solicitud_neumatico_numsolicitud_seq; Type: SEQUENCE SET; Schema: public; Owner: const
--

SELECT pg_catalog.setval('public.solicitud_neumatico_numsolicitud_seq', 10, true);


--
-- Name: solicitud_neumatico_proveedor_id_seq; Type: SEQUENCE SET; Schema: public; Owner: const
--

SELECT pg_catalog.setval('public.solicitud_neumatico_proveedor_id_seq', 10, true);


--
-- Name: solicitud_neumatico_proxy_id_seq; Type: SEQUENCE SET; Schema: public; Owner: const
--

SELECT pg_catalog.setval('public.solicitud_neumatico_proxy_id_seq', 16, true);


--
-- Name: solicitud_ppa_numsolicitud_seq; Type: SEQUENCE SET; Schema: public; Owner: const
--

SELECT pg_catalog.setval('public.solicitud_ppa_numsolicitud_seq', 7, true);


--
-- Name: solicitud_ppa_proveedor_id_seq; Type: SEQUENCE SET; Schema: public; Owner: const
--

SELECT pg_catalog.setval('public.solicitud_ppa_proveedor_id_seq', 8, true);


--
-- Name: solicitud_ppa_proxy_id_seq; Type: SEQUENCE SET; Schema: public; Owner: const
--

SELECT pg_catalog.setval('public.solicitud_ppa_proxy_id_seq', 6, true);


--
-- Name: sucursal_cuba_id_seq; Type: SEQUENCE SET; Schema: public; Owner: const
--

SELECT pg_catalog.setval('public.sucursal_cuba_id_seq', 1, true);


--
-- Name: Dashboard_dashboard Dashboard_dashboard_pkey; Type: CONSTRAINT; Schema: public; Owner: const
--

ALTER TABLE ONLY public."Dashboard_dashboard"
    ADD CONSTRAINT "Dashboard_dashboard_pkey" PRIMARY KEY (id);


--
-- Name: Dashboard_order Dashboard_order_pkey; Type: CONSTRAINT; Schema: public; Owner: const
--

ALTER TABLE ONLY public."Dashboard_order"
    ADD CONSTRAINT "Dashboard_order_pkey" PRIMARY KEY (id);


--
-- Name: Datos_salvas_restauras Datos_salvas_restauras_pkey; Type: CONSTRAINT; Schema: public; Owner: const
--

ALTER TABLE ONLY public."Datos_salvas_restauras"
    ADD CONSTRAINT "Datos_salvas_restauras_pkey" PRIMARY KEY (id);


--
-- Name: OSDE OSDE_correo_key; Type: CONSTRAINT; Schema: public; Owner: const
--

ALTER TABLE ONLY public."OSDE"
    ADD CONSTRAINT "OSDE_correo_key" UNIQUE (correo);


--
-- Name: OSDE OSDE_nombre_key; Type: CONSTRAINT; Schema: public; Owner: const
--

ALTER TABLE ONLY public."OSDE"
    ADD CONSTRAINT "OSDE_nombre_key" UNIQUE (nombre);


--
-- Name: OSDE OSDE_pkey; Type: CONSTRAINT; Schema: public; Owner: const
--

ALTER TABLE ONLY public."OSDE"
    ADD CONSTRAINT "OSDE_pkey" PRIMARY KEY (reeup);


--
-- Name: OSDE OSDE_siglas_key; Type: CONSTRAINT; Schema: public; Owner: const
--

ALTER TABLE ONLY public."OSDE"
    ADD CONSTRAINT "OSDE_siglas_key" UNIQUE (siglas);


--
-- Name: OSDE OSDE_telefono_key; Type: CONSTRAINT; Schema: public; Owner: const
--

ALTER TABLE ONLY public."OSDE"
    ADD CONSTRAINT "OSDE_telefono_key" UNIQUE (telefono);


--
-- Name: Reportes_reporte_proveedor Reportes_reporte_proveedor_pkey; Type: CONSTRAINT; Schema: public; Owner: const
--

ALTER TABLE ONLY public."Reportes_reporte_proveedor"
    ADD CONSTRAINT "Reportes_reporte_proveedor_pkey" PRIMARY KEY (id);


--
-- Name: Reportes_reporte_solicitud Reportes_reporte_solicitud_pkey; Type: CONSTRAINT; Schema: public; Owner: const
--

ALTER TABLE ONLY public."Reportes_reporte_solicitud"
    ADD CONSTRAINT "Reportes_reporte_solicitud_pkey" PRIMARY KEY (id);


--
-- Name: Salvas_salvas Salvas_salvas_pkey; Type: CONSTRAINT; Schema: public; Owner: const
--

ALTER TABLE ONLY public."Salvas_salvas"
    ADD CONSTRAINT "Salvas_salvas_pkey" PRIMARY KEY (id);


--
-- Name: Trazas_logentry Trazas_logentry_pkey; Type: CONSTRAINT; Schema: public; Owner: const
--

ALTER TABLE ONLY public."Trazas_logentry"
    ADD CONSTRAINT "Trazas_logentry_pkey" PRIMARY KEY (id);


--
-- Name: account_account account_account_pkey; Type: CONSTRAINT; Schema: public; Owner: const
--

ALTER TABLE ONLY public.account_account
    ADD CONSTRAINT account_account_pkey PRIMARY KEY (id);


--
-- Name: account_account account_account_user_id_key; Type: CONSTRAINT; Schema: public; Owner: const
--

ALTER TABLE ONLY public.account_account
    ADD CONSTRAINT account_account_user_id_key UNIQUE (user_id);


--
-- Name: account_accountdeletion account_accountdeletion_pkey; Type: CONSTRAINT; Schema: public; Owner: const
--

ALTER TABLE ONLY public.account_accountdeletion
    ADD CONSTRAINT account_accountdeletion_pkey PRIMARY KEY (id);


--
-- Name: account_emailaddress account_emailaddress_email_key; Type: CONSTRAINT; Schema: public; Owner: const
--

ALTER TABLE ONLY public.account_emailaddress
    ADD CONSTRAINT account_emailaddress_email_key UNIQUE (email);


--
-- Name: account_emailaddress account_emailaddress_pkey; Type: CONSTRAINT; Schema: public; Owner: const
--

ALTER TABLE ONLY public.account_emailaddress
    ADD CONSTRAINT account_emailaddress_pkey PRIMARY KEY (id);


--
-- Name: account_emailconfirmation account_emailconfirmation_key_key; Type: CONSTRAINT; Schema: public; Owner: const
--

ALTER TABLE ONLY public.account_emailconfirmation
    ADD CONSTRAINT account_emailconfirmation_key_key UNIQUE (key);


--
-- Name: account_emailconfirmation account_emailconfirmation_pkey; Type: CONSTRAINT; Schema: public; Owner: const
--

ALTER TABLE ONLY public.account_emailconfirmation
    ADD CONSTRAINT account_emailconfirmation_pkey PRIMARY KEY (id);


--
-- Name: account_passwordexpiry account_passwordexpiry_pkey; Type: CONSTRAINT; Schema: public; Owner: const
--

ALTER TABLE ONLY public.account_passwordexpiry
    ADD CONSTRAINT account_passwordexpiry_pkey PRIMARY KEY (id);


--
-- Name: account_passwordexpiry account_passwordexpiry_user_id_key; Type: CONSTRAINT; Schema: public; Owner: const
--

ALTER TABLE ONLY public.account_passwordexpiry
    ADD CONSTRAINT account_passwordexpiry_user_id_key UNIQUE (user_id);


--
-- Name: account_passwordhistory account_passwordhistory_pkey; Type: CONSTRAINT; Schema: public; Owner: const
--

ALTER TABLE ONLY public.account_passwordhistory
    ADD CONSTRAINT account_passwordhistory_pkey PRIMARY KEY (id);


--
-- Name: account_signupcode account_signupcode_code_key; Type: CONSTRAINT; Schema: public; Owner: const
--

ALTER TABLE ONLY public.account_signupcode
    ADD CONSTRAINT account_signupcode_code_key UNIQUE (code);


--
-- Name: account_signupcode account_signupcode_pkey; Type: CONSTRAINT; Schema: public; Owner: const
--

ALTER TABLE ONLY public.account_signupcode
    ADD CONSTRAINT account_signupcode_pkey PRIMARY KEY (id);


--
-- Name: account_signupcoderesult account_signupcoderesult_pkey; Type: CONSTRAINT; Schema: public; Owner: const
--

ALTER TABLE ONLY public.account_signupcoderesult
    ADD CONSTRAINT account_signupcoderesult_pkey PRIMARY KEY (id);


--
-- Name: auth_group auth_group_name_key; Type: CONSTRAINT; Schema: public; Owner: const
--

ALTER TABLE ONLY public.auth_group
    ADD CONSTRAINT auth_group_name_key UNIQUE (name);


--
-- Name: auth_group_permissions auth_group_permissions_group_id_permission_id_0cd325b0_uniq; Type: CONSTRAINT; Schema: public; Owner: const
--

ALTER TABLE ONLY public.auth_group_permissions
    ADD CONSTRAINT auth_group_permissions_group_id_permission_id_0cd325b0_uniq UNIQUE (group_id, permission_id);


--
-- Name: auth_group_permissions auth_group_permissions_pkey; Type: CONSTRAINT; Schema: public; Owner: const
--

ALTER TABLE ONLY public.auth_group_permissions
    ADD CONSTRAINT auth_group_permissions_pkey PRIMARY KEY (id);


--
-- Name: auth_group auth_group_pkey; Type: CONSTRAINT; Schema: public; Owner: const
--

ALTER TABLE ONLY public.auth_group
    ADD CONSTRAINT auth_group_pkey PRIMARY KEY (id);


--
-- Name: auth_permission auth_permission_content_type_id_codename_01ab375a_uniq; Type: CONSTRAINT; Schema: public; Owner: const
--

ALTER TABLE ONLY public.auth_permission
    ADD CONSTRAINT auth_permission_content_type_id_codename_01ab375a_uniq UNIQUE (content_type_id, codename);


--
-- Name: auth_permission auth_permission_pkey; Type: CONSTRAINT; Schema: public; Owner: const
--

ALTER TABLE ONLY public.auth_permission
    ADD CONSTRAINT auth_permission_pkey PRIMARY KEY (id);


--
-- Name: auth_user_groups auth_user_groups_pkey; Type: CONSTRAINT; Schema: public; Owner: const
--

ALTER TABLE ONLY public.auth_user_groups
    ADD CONSTRAINT auth_user_groups_pkey PRIMARY KEY (id);


--
-- Name: auth_user_groups auth_user_groups_user_id_group_id_94350c0c_uniq; Type: CONSTRAINT; Schema: public; Owner: const
--

ALTER TABLE ONLY public.auth_user_groups
    ADD CONSTRAINT auth_user_groups_user_id_group_id_94350c0c_uniq UNIQUE (user_id, group_id);


--
-- Name: auth_user auth_user_pkey; Type: CONSTRAINT; Schema: public; Owner: const
--

ALTER TABLE ONLY public.auth_user
    ADD CONSTRAINT auth_user_pkey PRIMARY KEY (id);


--
-- Name: auth_user_user_permissions auth_user_user_permissions_pkey; Type: CONSTRAINT; Schema: public; Owner: const
--

ALTER TABLE ONLY public.auth_user_user_permissions
    ADD CONSTRAINT auth_user_user_permissions_pkey PRIMARY KEY (id);


--
-- Name: auth_user_user_permissions auth_user_user_permissions_user_id_permission_id_14a6b632_uniq; Type: CONSTRAINT; Schema: public; Owner: const
--

ALTER TABLE ONLY public.auth_user_user_permissions
    ADD CONSTRAINT auth_user_user_permissions_user_id_permission_id_14a6b632_uniq UNIQUE (user_id, permission_id);


--
-- Name: auth_user auth_user_username_key; Type: CONSTRAINT; Schema: public; Owner: const
--

ALTER TABLE ONLY public.auth_user
    ADD CONSTRAINT auth_user_username_key UNIQUE (username);


--
-- Name: bateria bateria_pkey; Type: CONSTRAINT; Schema: public; Owner: const
--

ALTER TABLE ONLY public.bateria
    ADD CONSTRAINT bateria_pkey PRIMARY KEY (idproducto);


--
-- Name: casa_matriz casa_matriz_pkey; Type: CONSTRAINT; Schema: public; Owner: const
--

ALTER TABLE ONLY public.casa_matriz
    ADD CONSTRAINT casa_matriz_pkey PRIMARY KEY (id);


--
-- Name: cliente cliente_correo_key; Type: CONSTRAINT; Schema: public; Owner: const
--

ALTER TABLE ONLY public.cliente
    ADD CONSTRAINT cliente_correo_key UNIQUE (correo);


--
-- Name: cliente cliente_nombre_key; Type: CONSTRAINT; Schema: public; Owner: const
--

ALTER TABLE ONLY public.cliente
    ADD CONSTRAINT cliente_nombre_key UNIQUE (nombre);


--
-- Name: cliente cliente_pkey; Type: CONSTRAINT; Schema: public; Owner: const
--

ALTER TABLE ONLY public.cliente
    ADD CONSTRAINT cliente_pkey PRIMARY KEY (reeup);


--
-- Name: cliente cliente_siglas_key; Type: CONSTRAINT; Schema: public; Owner: const
--

ALTER TABLE ONLY public.cliente
    ADD CONSTRAINT cliente_siglas_key UNIQUE (siglas);


--
-- Name: cliente cliente_telefono_key; Type: CONSTRAINT; Schema: public; Owner: const
--

ALTER TABLE ONLY public.cliente
    ADD CONSTRAINT cliente_telefono_key UNIQUE (telefono);


--
-- Name: django_admin_log django_admin_log_pkey; Type: CONSTRAINT; Schema: public; Owner: const
--

ALTER TABLE ONLY public.django_admin_log
    ADD CONSTRAINT django_admin_log_pkey PRIMARY KEY (id);


--
-- Name: django_content_type django_content_type_app_label_model_76bd3d3b_uniq; Type: CONSTRAINT; Schema: public; Owner: const
--

ALTER TABLE ONLY public.django_content_type
    ADD CONSTRAINT django_content_type_app_label_model_76bd3d3b_uniq UNIQUE (app_label, model);


--
-- Name: django_content_type django_content_type_pkey; Type: CONSTRAINT; Schema: public; Owner: const
--

ALTER TABLE ONLY public.django_content_type
    ADD CONSTRAINT django_content_type_pkey PRIMARY KEY (id);


--
-- Name: django_migrations django_migrations_pkey; Type: CONSTRAINT; Schema: public; Owner: const
--

ALTER TABLE ONLY public.django_migrations
    ADD CONSTRAINT django_migrations_pkey PRIMARY KEY (id);


--
-- Name: django_session django_session_pkey; Type: CONSTRAINT; Schema: public; Owner: const
--

ALTER TABLE ONLY public.django_session
    ADD CONSTRAINT django_session_pkey PRIMARY KEY (session_key);


--
-- Name: django_site django_site_domain_a2e37b91_uniq; Type: CONSTRAINT; Schema: public; Owner: const
--

ALTER TABLE ONLY public.django_site
    ADD CONSTRAINT django_site_domain_a2e37b91_uniq UNIQUE (domain);


--
-- Name: django_site django_site_pkey; Type: CONSTRAINT; Schema: public; Owner: const
--

ALTER TABLE ONLY public.django_site
    ADD CONSTRAINT django_site_pkey PRIMARY KEY (id);


--
-- Name: equipo equipo_pkey; Type: CONSTRAINT; Schema: public; Owner: const
--

ALTER TABLE ONLY public.equipo
    ADD CONSTRAINT equipo_pkey PRIMARY KEY (idproducto);


--
-- Name: marca marca_nommarca_2d378c86_uniq; Type: CONSTRAINT; Schema: public; Owner: const
--

ALTER TABLE ONLY public.marca
    ADD CONSTRAINT marca_nommarca_2d378c86_uniq UNIQUE (nommarca);


--
-- Name: marca marca_pkey; Type: CONSTRAINT; Schema: public; Owner: const
--

ALTER TABLE ONLY public.marca
    ADD CONSTRAINT marca_pkey PRIMARY KEY (codigomarca);


--
-- Name: ministerio ministerio_correo_key; Type: CONSTRAINT; Schema: public; Owner: const
--

ALTER TABLE ONLY public.ministerio
    ADD CONSTRAINT ministerio_correo_key UNIQUE (correo);


--
-- Name: ministerio ministerio_nombre_key; Type: CONSTRAINT; Schema: public; Owner: const
--

ALTER TABLE ONLY public.ministerio
    ADD CONSTRAINT ministerio_nombre_key UNIQUE (nombre);


--
-- Name: ministerio ministerio_pkey; Type: CONSTRAINT; Schema: public; Owner: const
--

ALTER TABLE ONLY public.ministerio
    ADD CONSTRAINT ministerio_pkey PRIMARY KEY (reeup);


--
-- Name: ministerio ministerio_siglas_key; Type: CONSTRAINT; Schema: public; Owner: const
--

ALTER TABLE ONLY public.ministerio
    ADD CONSTRAINT ministerio_siglas_key UNIQUE (siglas);


--
-- Name: ministerio ministerio_telefono_key; Type: CONSTRAINT; Schema: public; Owner: const
--

ALTER TABLE ONLY public.ministerio
    ADD CONSTRAINT ministerio_telefono_key UNIQUE (telefono);


--
-- Name: neumatico neumatico_pkey; Type: CONSTRAINT; Schema: public; Owner: const
--

ALTER TABLE ONLY public.neumatico
    ADD CONSTRAINT neumatico_pkey PRIMARY KEY (idproducto);


--
-- Name: oferta_bateria_proxy oferta_bateria_proxy_pkey; Type: CONSTRAINT; Schema: public; Owner: const
--

ALTER TABLE ONLY public.oferta_bateria_proxy
    ADD CONSTRAINT oferta_bateria_proxy_pkey PRIMARY KEY (id);


--
-- Name: oferta_baterias oferta_baterias_pkey; Type: CONSTRAINT; Schema: public; Owner: const
--

ALTER TABLE ONLY public.oferta_baterias
    ADD CONSTRAINT oferta_baterias_pkey PRIMARY KEY (numero);


--
-- Name: oferta_equipo oferta_equipo_pkey; Type: CONSTRAINT; Schema: public; Owner: const
--

ALTER TABLE ONLY public.oferta_equipo
    ADD CONSTRAINT oferta_equipo_pkey PRIMARY KEY (numero);


--
-- Name: oferta_equipo_proxy oferta_equipo_proxy_pkey; Type: CONSTRAINT; Schema: public; Owner: const
--

ALTER TABLE ONLY public.oferta_equipo_proxy
    ADD CONSTRAINT oferta_equipo_proxy_pkey PRIMARY KEY (id);


--
-- Name: oferta_neumatico_proxy oferta_neumatico_proxy_pkey; Type: CONSTRAINT; Schema: public; Owner: const
--

ALTER TABLE ONLY public.oferta_neumatico_proxy
    ADD CONSTRAINT oferta_neumatico_proxy_pkey PRIMARY KEY (id);


--
-- Name: oferta_neumaticos oferta_neumaticos_pkey; Type: CONSTRAINT; Schema: public; Owner: const
--

ALTER TABLE ONLY public.oferta_neumaticos
    ADD CONSTRAINT oferta_neumaticos_pkey PRIMARY KEY (numero);


--
-- Name: oferta_ppa oferta_ppa_pkey; Type: CONSTRAINT; Schema: public; Owner: const
--

ALTER TABLE ONLY public.oferta_ppa
    ADD CONSTRAINT oferta_ppa_pkey PRIMARY KEY (numero);


--
-- Name: oferta_ppa_proxy oferta_ppa_proxy_pkey; Type: CONSTRAINT; Schema: public; Owner: const
--

ALTER TABLE ONLY public.oferta_ppa_proxy
    ADD CONSTRAINT oferta_ppa_proxy_pkey PRIMARY KEY (id);


--
-- Name: pais pais_pkey; Type: CONSTRAINT; Schema: public; Owner: const
--

ALTER TABLE ONLY public.pais
    ADD CONSTRAINT pais_pkey PRIMARY KEY (codigopais);


--
-- Name: ppa_equipo ppa_equipo_pkey; Type: CONSTRAINT; Schema: public; Owner: const
--

ALTER TABLE ONLY public.ppa_equipo
    ADD CONSTRAINT ppa_equipo_pkey PRIMARY KEY (id);


--
-- Name: ppa_equipo ppa_equipo_ppa_id_equipo_id_5db04d59_uniq; Type: CONSTRAINT; Schema: public; Owner: const
--

ALTER TABLE ONLY public.ppa_equipo
    ADD CONSTRAINT ppa_equipo_ppa_id_equipo_id_5db04d59_uniq UNIQUE (ppa_id, equipo_id);


--
-- Name: ppa ppa_pkey; Type: CONSTRAINT; Schema: public; Owner: const
--

ALTER TABLE ONLY public.ppa
    ADD CONSTRAINT ppa_pkey PRIMARY KEY (idproducto);


--
-- Name: proveedor_baterias proveedor_baterias_pkey; Type: CONSTRAINT; Schema: public; Owner: const
--

ALTER TABLE ONLY public.proveedor_baterias
    ADD CONSTRAINT proveedor_baterias_pkey PRIMARY KEY (id);


--
-- Name: proveedor_baterias proveedor_baterias_proveedor_id_bateria_id_16bdd139_uniq; Type: CONSTRAINT; Schema: public; Owner: const
--

ALTER TABLE ONLY public.proveedor_baterias
    ADD CONSTRAINT proveedor_baterias_proveedor_id_bateria_id_16bdd139_uniq UNIQUE (proveedor_id, bateria_id);


--
-- Name: proveedor proveedor_codmincex_codigopais_eea1226c_uniq; Type: CONSTRAINT; Schema: public; Owner: const
--

ALTER TABLE ONLY public.proveedor
    ADD CONSTRAINT proveedor_codmincex_codigopais_eea1226c_uniq UNIQUE (codmincex, codigopais);


--
-- Name: proveedor_equipos proveedor_equipos_pkey; Type: CONSTRAINT; Schema: public; Owner: const
--

ALTER TABLE ONLY public.proveedor_equipos
    ADD CONSTRAINT proveedor_equipos_pkey PRIMARY KEY (id);


--
-- Name: proveedor_equipos proveedor_equipos_proveedor_id_equipo_id_aba7e50c_uniq; Type: CONSTRAINT; Schema: public; Owner: const
--

ALTER TABLE ONLY public.proveedor_equipos
    ADD CONSTRAINT proveedor_equipos_proveedor_id_equipo_id_aba7e50c_uniq UNIQUE (proveedor_id, equipo_id);


--
-- Name: proveedor_marca proveedor_marca_pkey; Type: CONSTRAINT; Schema: public; Owner: const
--

ALTER TABLE ONLY public.proveedor_marca
    ADD CONSTRAINT proveedor_marca_pkey PRIMARY KEY (id);


--
-- Name: proveedor_marca proveedor_marca_proveedor_id_marca_id_716b0f11_uniq; Type: CONSTRAINT; Schema: public; Owner: const
--

ALTER TABLE ONLY public.proveedor_marca
    ADD CONSTRAINT proveedor_marca_proveedor_id_marca_id_716b0f11_uniq UNIQUE (proveedor_id, marca_id);


--
-- Name: proveedor_neumaticos proveedor_neumaticos_pkey; Type: CONSTRAINT; Schema: public; Owner: const
--

ALTER TABLE ONLY public.proveedor_neumaticos
    ADD CONSTRAINT proveedor_neumaticos_pkey PRIMARY KEY (id);


--
-- Name: proveedor_neumaticos proveedor_neumaticos_proveedor_id_neumatico_id_5fb62953_uniq; Type: CONSTRAINT; Schema: public; Owner: const
--

ALTER TABLE ONLY public.proveedor_neumaticos
    ADD CONSTRAINT proveedor_neumaticos_proveedor_id_neumatico_id_5fb62953_uniq UNIQUE (proveedor_id, neumatico_id);


--
-- Name: proveedor proveedor_nomproveedor_a0b35d39_uniq; Type: CONSTRAINT; Schema: public; Owner: const
--

ALTER TABLE ONLY public.proveedor
    ADD CONSTRAINT proveedor_nomproveedor_a0b35d39_uniq UNIQUE (nomproveedor);


--
-- Name: proveedor proveedor_pkey; Type: CONSTRAINT; Schema: public; Owner: const
--

ALTER TABLE ONLY public.proveedor
    ADD CONSTRAINT proveedor_pkey PRIMARY KEY (codmincex);


--
-- Name: proveedor_ppa proveedor_ppa_pkey; Type: CONSTRAINT; Schema: public; Owner: const
--

ALTER TABLE ONLY public.proveedor_ppa
    ADD CONSTRAINT proveedor_ppa_pkey PRIMARY KEY (id);


--
-- Name: proveedor_ppa proveedor_ppa_proveedor_id_ppa_id_f91e8716_uniq; Type: CONSTRAINT; Schema: public; Owner: const
--

ALTER TABLE ONLY public.proveedor_ppa
    ADD CONSTRAINT proveedor_ppa_proveedor_id_ppa_id_f91e8716_uniq UNIQUE (proveedor_id, ppa_id);


--
-- Name: provincia provincia_pkey; Type: CONSTRAINT; Schema: public; Owner: const
--

ALTER TABLE ONLY public.provincia
    ADD CONSTRAINT provincia_pkey PRIMARY KEY (codigoprovincia);


--
-- Name: reports_savedreport reports_savedreport_pkey; Type: CONSTRAINT; Schema: public; Owner: const
--

ALTER TABLE ONLY public.reports_savedreport
    ADD CONSTRAINT reports_savedreport_pkey PRIMARY KEY (id);


--
-- Name: solicitud_bateria solicitud_bateria_pkey; Type: CONSTRAINT; Schema: public; Owner: const
--

ALTER TABLE ONLY public.solicitud_bateria
    ADD CONSTRAINT solicitud_bateria_pkey PRIMARY KEY (numsolicitud);


--
-- Name: solicitud_bateria_proveedor solicitud_bateria_proveedor_pkey; Type: CONSTRAINT; Schema: public; Owner: const
--

ALTER TABLE ONLY public.solicitud_bateria_proveedor
    ADD CONSTRAINT solicitud_bateria_proveedor_pkey PRIMARY KEY (id);


--
-- Name: solicitud_bateria_proxy solicitud_bateria_proxy_idproducto_d16d2d8c_uniq; Type: CONSTRAINT; Schema: public; Owner: const
--

ALTER TABLE ONLY public.solicitud_bateria_proxy
    ADD CONSTRAINT solicitud_bateria_proxy_idproducto_d16d2d8c_uniq UNIQUE (idproducto);


--
-- Name: solicitud_bateria_proxy solicitud_bateria_proxy_pkey; Type: CONSTRAINT; Schema: public; Owner: const
--

ALTER TABLE ONLY public.solicitud_bateria_proxy
    ADD CONSTRAINT solicitud_bateria_proxy_pkey PRIMARY KEY (id);


--
-- Name: solicitud_equipo solicitud_equipo_pkey; Type: CONSTRAINT; Schema: public; Owner: const
--

ALTER TABLE ONLY public.solicitud_equipo
    ADD CONSTRAINT solicitud_equipo_pkey PRIMARY KEY (numsolicitud);


--
-- Name: solicitud_equipo_proveedor solicitud_equipo_proveedor_pkey; Type: CONSTRAINT; Schema: public; Owner: const
--

ALTER TABLE ONLY public.solicitud_equipo_proveedor
    ADD CONSTRAINT solicitud_equipo_proveedor_pkey PRIMARY KEY (id);


--
-- Name: solicitud_equipo_proxy solicitud_equipo_proxy_pkey; Type: CONSTRAINT; Schema: public; Owner: const
--

ALTER TABLE ONLY public.solicitud_equipo_proxy
    ADD CONSTRAINT solicitud_equipo_proxy_pkey PRIMARY KEY (id);


--
-- Name: solicitud_neumatico solicitud_neumatico_pkey; Type: CONSTRAINT; Schema: public; Owner: const
--

ALTER TABLE ONLY public.solicitud_neumatico
    ADD CONSTRAINT solicitud_neumatico_pkey PRIMARY KEY (numsolicitud);


--
-- Name: solicitud_neumatico_proveedor solicitud_neumatico_proveedor_codmincex_id_920b25fe_uniq; Type: CONSTRAINT; Schema: public; Owner: const
--

ALTER TABLE ONLY public.solicitud_neumatico_proveedor
    ADD CONSTRAINT solicitud_neumatico_proveedor_codmincex_id_920b25fe_uniq UNIQUE (codmincex_id);


--
-- Name: solicitud_neumatico_proveedor solicitud_neumatico_proveedor_pkey; Type: CONSTRAINT; Schema: public; Owner: const
--

ALTER TABLE ONLY public.solicitud_neumatico_proveedor
    ADD CONSTRAINT solicitud_neumatico_proveedor_pkey PRIMARY KEY (id);


--
-- Name: solicitud_neumatico_proxy solicitud_neumatico_proxy_pkey; Type: CONSTRAINT; Schema: public; Owner: const
--

ALTER TABLE ONLY public.solicitud_neumatico_proxy
    ADD CONSTRAINT solicitud_neumatico_proxy_pkey PRIMARY KEY (id);


--
-- Name: solicitud_ppa solicitud_ppa_pkey; Type: CONSTRAINT; Schema: public; Owner: const
--

ALTER TABLE ONLY public.solicitud_ppa
    ADD CONSTRAINT solicitud_ppa_pkey PRIMARY KEY (numsolicitud);


--
-- Name: solicitud_ppa_proveedor solicitud_ppa_proveedor_pkey; Type: CONSTRAINT; Schema: public; Owner: const
--

ALTER TABLE ONLY public.solicitud_ppa_proveedor
    ADD CONSTRAINT solicitud_ppa_proveedor_pkey PRIMARY KEY (id);


--
-- Name: solicitud_ppa_proxy solicitud_ppa_proxy_pkey; Type: CONSTRAINT; Schema: public; Owner: const
--

ALTER TABLE ONLY public.solicitud_ppa_proxy
    ADD CONSTRAINT solicitud_ppa_proxy_pkey PRIMARY KEY (id);


--
-- Name: sucursal_cuba sucursal_cuba_pkey; Type: CONSTRAINT; Schema: public; Owner: const
--

ALTER TABLE ONLY public.sucursal_cuba
    ADD CONSTRAINT sucursal_cuba_pkey PRIMARY KEY (id);


--
-- Name: um um_descripcionum_key; Type: CONSTRAINT; Schema: public; Owner: const
--

ALTER TABLE ONLY public.um
    ADD CONSTRAINT um_descripcionum_key UNIQUE (descripcionum);


--
-- Name: um um_pkey; Type: CONSTRAINT; Schema: public; Owner: const
--

ALTER TABLE ONLY public.um
    ADD CONSTRAINT um_pkey PRIMARY KEY (codigoum);


--
-- Name: OSDE_correo_e0bd4ae5_like; Type: INDEX; Schema: public; Owner: const
--

CREATE INDEX "OSDE_correo_e0bd4ae5_like" ON public."OSDE" USING btree (correo varchar_pattern_ops);


--
-- Name: OSDE_ministerio_id_dd8f8290; Type: INDEX; Schema: public; Owner: const
--

CREATE INDEX "OSDE_ministerio_id_dd8f8290" ON public."OSDE" USING btree (ministerio_id);


--
-- Name: OSDE_ministerio_id_dd8f8290_like; Type: INDEX; Schema: public; Owner: const
--

CREATE INDEX "OSDE_ministerio_id_dd8f8290_like" ON public."OSDE" USING btree (ministerio_id varchar_pattern_ops);


--
-- Name: OSDE_nombre_4efd2961_like; Type: INDEX; Schema: public; Owner: const
--

CREATE INDEX "OSDE_nombre_4efd2961_like" ON public."OSDE" USING btree (nombre varchar_pattern_ops);


--
-- Name: OSDE_reeup_77593f2d_like; Type: INDEX; Schema: public; Owner: const
--

CREATE INDEX "OSDE_reeup_77593f2d_like" ON public."OSDE" USING btree (reeup varchar_pattern_ops);


--
-- Name: OSDE_siglas_bd5d3498_like; Type: INDEX; Schema: public; Owner: const
--

CREATE INDEX "OSDE_siglas_bd5d3498_like" ON public."OSDE" USING btree (siglas varchar_pattern_ops);


--
-- Name: account_accountdeletion_user_id_c205475f; Type: INDEX; Schema: public; Owner: const
--

CREATE INDEX account_accountdeletion_user_id_c205475f ON public.account_accountdeletion USING btree (user_id);


--
-- Name: account_emailaddress_email_03be32b2_like; Type: INDEX; Schema: public; Owner: const
--

CREATE INDEX account_emailaddress_email_03be32b2_like ON public.account_emailaddress USING btree (email varchar_pattern_ops);


--
-- Name: account_emailaddress_user_id_2c513194; Type: INDEX; Schema: public; Owner: const
--

CREATE INDEX account_emailaddress_user_id_2c513194 ON public.account_emailaddress USING btree (user_id);


--
-- Name: account_emailconfirmation_email_address_id_5b7f8c58; Type: INDEX; Schema: public; Owner: const
--

CREATE INDEX account_emailconfirmation_email_address_id_5b7f8c58 ON public.account_emailconfirmation USING btree (email_address_id);


--
-- Name: account_emailconfirmation_key_f43612bd_like; Type: INDEX; Schema: public; Owner: const
--

CREATE INDEX account_emailconfirmation_key_f43612bd_like ON public.account_emailconfirmation USING btree (key varchar_pattern_ops);


--
-- Name: account_passwordhistory_user_id_dc325181; Type: INDEX; Schema: public; Owner: const
--

CREATE INDEX account_passwordhistory_user_id_dc325181 ON public.account_passwordhistory USING btree (user_id);


--
-- Name: account_signupcode_code_e34edcf8_like; Type: INDEX; Schema: public; Owner: const
--

CREATE INDEX account_signupcode_code_e34edcf8_like ON public.account_signupcode USING btree (code varchar_pattern_ops);


--
-- Name: account_signupcode_inviter_id_9706983e; Type: INDEX; Schema: public; Owner: const
--

CREATE INDEX account_signupcode_inviter_id_9706983e ON public.account_signupcode USING btree (inviter_id);


--
-- Name: account_signupcoderesult_signup_code_id_1adc486e; Type: INDEX; Schema: public; Owner: const
--

CREATE INDEX account_signupcoderesult_signup_code_id_1adc486e ON public.account_signupcoderesult USING btree (signup_code_id);


--
-- Name: account_signupcoderesult_user_id_c10dc604; Type: INDEX; Schema: public; Owner: const
--

CREATE INDEX account_signupcoderesult_user_id_c10dc604 ON public.account_signupcoderesult USING btree (user_id);


--
-- Name: auth_group_name_a6ea08ec_like; Type: INDEX; Schema: public; Owner: const
--

CREATE INDEX auth_group_name_a6ea08ec_like ON public.auth_group USING btree (name varchar_pattern_ops);


--
-- Name: auth_group_permissions_group_id_b120cbf9; Type: INDEX; Schema: public; Owner: const
--

CREATE INDEX auth_group_permissions_group_id_b120cbf9 ON public.auth_group_permissions USING btree (group_id);


--
-- Name: auth_group_permissions_permission_id_84c5c92e; Type: INDEX; Schema: public; Owner: const
--

CREATE INDEX auth_group_permissions_permission_id_84c5c92e ON public.auth_group_permissions USING btree (permission_id);


--
-- Name: auth_permission_content_type_id_2f476e4b; Type: INDEX; Schema: public; Owner: const
--

CREATE INDEX auth_permission_content_type_id_2f476e4b ON public.auth_permission USING btree (content_type_id);


--
-- Name: auth_user_groups_group_id_97559544; Type: INDEX; Schema: public; Owner: const
--

CREATE INDEX auth_user_groups_group_id_97559544 ON public.auth_user_groups USING btree (group_id);


--
-- Name: auth_user_groups_user_id_6a12ed8b; Type: INDEX; Schema: public; Owner: const
--

CREATE INDEX auth_user_groups_user_id_6a12ed8b ON public.auth_user_groups USING btree (user_id);


--
-- Name: auth_user_user_permissions_permission_id_1fbb5f2c; Type: INDEX; Schema: public; Owner: const
--

CREATE INDEX auth_user_user_permissions_permission_id_1fbb5f2c ON public.auth_user_user_permissions USING btree (permission_id);


--
-- Name: auth_user_user_permissions_user_id_a95ead1b; Type: INDEX; Schema: public; Owner: const
--

CREATE INDEX auth_user_user_permissions_user_id_a95ead1b ON public.auth_user_user_permissions USING btree (user_id);


--
-- Name: auth_user_username_6821ab7c_like; Type: INDEX; Schema: public; Owner: const
--

CREATE INDEX auth_user_username_6821ab7c_like ON public.auth_user USING btree (username varchar_pattern_ops);


--
-- Name: bateria_codigoum_3eef7d96; Type: INDEX; Schema: public; Owner: const
--

CREATE INDEX bateria_codigoum_3eef7d96 ON public.bateria USING btree (codigoum);


--
-- Name: bateria_codigoum_3eef7d96_like; Type: INDEX; Schema: public; Owner: const
--

CREATE INDEX bateria_codigoum_3eef7d96_like ON public.bateria USING btree (codigoum varchar_pattern_ops);


--
-- Name: bateria_idproducto_5736f2bb_like; Type: INDEX; Schema: public; Owner: const
--

CREATE INDEX bateria_idproducto_5736f2bb_like ON public.bateria USING btree (idproducto varchar_pattern_ops);


--
-- Name: bateria_marca_id_bff70813; Type: INDEX; Schema: public; Owner: const
--

CREATE INDEX bateria_marca_id_bff70813 ON public.bateria USING btree (codigomarca);


--
-- Name: casa_matriz_codmincex_bd5fc4f6; Type: INDEX; Schema: public; Owner: const
--

CREATE INDEX casa_matriz_codmincex_bd5fc4f6 ON public.casa_matriz USING btree (codmincex);


--
-- Name: casa_matriz_codmincex_bd5fc4f6_like; Type: INDEX; Schema: public; Owner: const
--

CREATE INDEX casa_matriz_codmincex_bd5fc4f6_like ON public.casa_matriz USING btree (codmincex varchar_pattern_ops);


--
-- Name: cliente_OSDE_id_e62a283b; Type: INDEX; Schema: public; Owner: const
--

CREATE INDEX "cliente_OSDE_id_e62a283b" ON public.cliente USING btree ("OSDE_id");


--
-- Name: cliente_OSDE_id_e62a283b_like; Type: INDEX; Schema: public; Owner: const
--

CREATE INDEX "cliente_OSDE_id_e62a283b_like" ON public.cliente USING btree ("OSDE_id" varchar_pattern_ops);


--
-- Name: cliente_correo_4271a189_like; Type: INDEX; Schema: public; Owner: const
--

CREATE INDEX cliente_correo_4271a189_like ON public.cliente USING btree (correo varchar_pattern_ops);


--
-- Name: cliente_nombre_8fc2f80f_like; Type: INDEX; Schema: public; Owner: const
--

CREATE INDEX cliente_nombre_8fc2f80f_like ON public.cliente USING btree (nombre varchar_pattern_ops);


--
-- Name: cliente_provincia_478bfc63; Type: INDEX; Schema: public; Owner: const
--

CREATE INDEX cliente_provincia_478bfc63 ON public.cliente USING btree (codigoprovincia);


--
-- Name: cliente_provincia_478bfc63_like; Type: INDEX; Schema: public; Owner: const
--

CREATE INDEX cliente_provincia_478bfc63_like ON public.cliente USING btree (codigoprovincia varchar_pattern_ops);


--
-- Name: cliente_reeup_30874119_like; Type: INDEX; Schema: public; Owner: const
--

CREATE INDEX cliente_reeup_30874119_like ON public.cliente USING btree (reeup varchar_pattern_ops);


--
-- Name: cliente_siglas_4bfff53e_like; Type: INDEX; Schema: public; Owner: const
--

CREATE INDEX cliente_siglas_4bfff53e_like ON public.cliente USING btree (siglas varchar_pattern_ops);


--
-- Name: django_admin_log_content_type_id_c4bce8eb; Type: INDEX; Schema: public; Owner: const
--

CREATE INDEX django_admin_log_content_type_id_c4bce8eb ON public.django_admin_log USING btree (content_type_id);


--
-- Name: django_admin_log_user_id_c564eba6; Type: INDEX; Schema: public; Owner: const
--

CREATE INDEX django_admin_log_user_id_c564eba6 ON public.django_admin_log USING btree (user_id);


--
-- Name: django_session_expire_date_a5c62663; Type: INDEX; Schema: public; Owner: const
--

CREATE INDEX django_session_expire_date_a5c62663 ON public.django_session USING btree (expire_date);


--
-- Name: django_session_session_key_c0390e0f_like; Type: INDEX; Schema: public; Owner: const
--

CREATE INDEX django_session_session_key_c0390e0f_like ON public.django_session USING btree (session_key varchar_pattern_ops);


--
-- Name: django_site_domain_a2e37b91_like; Type: INDEX; Schema: public; Owner: const
--

CREATE INDEX django_site_domain_a2e37b91_like ON public.django_site USING btree (domain varchar_pattern_ops);


--
-- Name: equipo_codigoum_0cef5e26; Type: INDEX; Schema: public; Owner: const
--

CREATE INDEX equipo_codigoum_0cef5e26 ON public.equipo USING btree (codigoum);


--
-- Name: equipo_codigoum_0cef5e26_like; Type: INDEX; Schema: public; Owner: const
--

CREATE INDEX equipo_codigoum_0cef5e26_like ON public.equipo USING btree (codigoum varchar_pattern_ops);


--
-- Name: equipo_idproducto_712e52c4_like; Type: INDEX; Schema: public; Owner: const
--

CREATE INDEX equipo_idproducto_712e52c4_like ON public.equipo USING btree (idproducto varchar_pattern_ops);


--
-- Name: equipo_marca_id_aef47c38; Type: INDEX; Schema: public; Owner: const
--

CREATE INDEX equipo_marca_id_aef47c38 ON public.equipo USING btree (codigomarca);


--
-- Name: marca_codigopais_a5f8ede9; Type: INDEX; Schema: public; Owner: const
--

CREATE INDEX marca_codigopais_a5f8ede9 ON public.marca USING btree (codigopais);


--
-- Name: marca_codigopais_a5f8ede9_like; Type: INDEX; Schema: public; Owner: const
--

CREATE INDEX marca_codigopais_a5f8ede9_like ON public.marca USING btree (codigopais varchar_pattern_ops);


--
-- Name: marca_nommarca_2d378c86_like; Type: INDEX; Schema: public; Owner: const
--

CREATE INDEX marca_nommarca_2d378c86_like ON public.marca USING btree (nommarca varchar_pattern_ops);


--
-- Name: ministerio_correo_2ae9841a_like; Type: INDEX; Schema: public; Owner: const
--

CREATE INDEX ministerio_correo_2ae9841a_like ON public.ministerio USING btree (correo varchar_pattern_ops);


--
-- Name: ministerio_nombre_21bb2048_like; Type: INDEX; Schema: public; Owner: const
--

CREATE INDEX ministerio_nombre_21bb2048_like ON public.ministerio USING btree (nombre varchar_pattern_ops);


--
-- Name: ministerio_reeup_ab665d77_like; Type: INDEX; Schema: public; Owner: const
--

CREATE INDEX ministerio_reeup_ab665d77_like ON public.ministerio USING btree (reeup varchar_pattern_ops);


--
-- Name: ministerio_siglas_885a106d_like; Type: INDEX; Schema: public; Owner: const
--

CREATE INDEX ministerio_siglas_885a106d_like ON public.ministerio USING btree (siglas varchar_pattern_ops);


--
-- Name: neumatico_codigoum_40edba2b; Type: INDEX; Schema: public; Owner: const
--

CREATE INDEX neumatico_codigoum_40edba2b ON public.neumatico USING btree (codigoum);


--
-- Name: neumatico_codigoum_40edba2b_like; Type: INDEX; Schema: public; Owner: const
--

CREATE INDEX neumatico_codigoum_40edba2b_like ON public.neumatico USING btree (codigoum varchar_pattern_ops);


--
-- Name: neumatico_idproducto_9eec9617_like; Type: INDEX; Schema: public; Owner: const
--

CREATE INDEX neumatico_idproducto_9eec9617_like ON public.neumatico USING btree (idproducto varchar_pattern_ops);


--
-- Name: neumatico_marca_id_e2843a2d; Type: INDEX; Schema: public; Owner: const
--

CREATE INDEX neumatico_marca_id_e2843a2d ON public.neumatico USING btree (codigomarca);


--
-- Name: oferta_bateria_proxy_idproducto_b69ad312; Type: INDEX; Schema: public; Owner: const
--

CREATE INDEX oferta_bateria_proxy_idproducto_b69ad312 ON public.oferta_bateria_proxy USING btree (idproducto);


--
-- Name: oferta_bateria_proxy_numsolicitud_52a169f8; Type: INDEX; Schema: public; Owner: const
--

CREATE INDEX oferta_bateria_proxy_numsolicitud_52a169f8 ON public.oferta_bateria_proxy USING btree (numsolicitud);


--
-- Name: oferta_baterias_codmincex_9f1a49d3; Type: INDEX; Schema: public; Owner: const
--

CREATE INDEX oferta_baterias_codmincex_9f1a49d3 ON public.oferta_baterias USING btree (codmincex);


--
-- Name: oferta_baterias_codmincex_9f1a49d3_like; Type: INDEX; Schema: public; Owner: const
--

CREATE INDEX oferta_baterias_codmincex_9f1a49d3_like ON public.oferta_baterias USING btree (codmincex varchar_pattern_ops);


--
-- Name: oferta_baterias_idespecialista_07f81b69; Type: INDEX; Schema: public; Owner: const
--

CREATE INDEX oferta_baterias_idespecialista_07f81b69 ON public.oferta_baterias USING btree (username);


--
-- Name: oferta_baterias_idpais_e53e2c7b; Type: INDEX; Schema: public; Owner: const
--

CREATE INDEX oferta_baterias_idpais_e53e2c7b ON public.oferta_baterias USING btree (idpais);


--
-- Name: oferta_baterias_idpais_e53e2c7b_like; Type: INDEX; Schema: public; Owner: const
--

CREATE INDEX oferta_baterias_idpais_e53e2c7b_like ON public.oferta_baterias USING btree (idpais varchar_pattern_ops);


--
-- Name: oferta_baterias_numsolicitud_3f328d51; Type: INDEX; Schema: public; Owner: const
--

CREATE INDEX oferta_baterias_numsolicitud_3f328d51 ON public.oferta_baterias USING btree (numsolicitud);


--
-- Name: oferta_equipo_codmincex_2e6e45cf; Type: INDEX; Schema: public; Owner: const
--

CREATE INDEX oferta_equipo_codmincex_2e6e45cf ON public.oferta_equipo USING btree (codmincex);


--
-- Name: oferta_equipo_codmincex_2e6e45cf_like; Type: INDEX; Schema: public; Owner: const
--

CREATE INDEX oferta_equipo_codmincex_2e6e45cf_like ON public.oferta_equipo USING btree (codmincex varchar_pattern_ops);


--
-- Name: oferta_equipo_idespecialista_ba0415b9; Type: INDEX; Schema: public; Owner: const
--

CREATE INDEX oferta_equipo_idespecialista_ba0415b9 ON public.oferta_equipo USING btree (username);


--
-- Name: oferta_equipo_idpais_25734604; Type: INDEX; Schema: public; Owner: const
--

CREATE INDEX oferta_equipo_idpais_25734604 ON public.oferta_equipo USING btree (idpais);


--
-- Name: oferta_equipo_idpais_25734604_like; Type: INDEX; Schema: public; Owner: const
--

CREATE INDEX oferta_equipo_idpais_25734604_like ON public.oferta_equipo USING btree (idpais varchar_pattern_ops);


--
-- Name: oferta_equipo_numsolicitud_cf512716; Type: INDEX; Schema: public; Owner: const
--

CREATE INDEX oferta_equipo_numsolicitud_cf512716 ON public.oferta_equipo USING btree (numsolicitud);


--
-- Name: oferta_equipo_proxy_idproducto_ff77c35c; Type: INDEX; Schema: public; Owner: const
--

CREATE INDEX oferta_equipo_proxy_idproducto_ff77c35c ON public.oferta_equipo_proxy USING btree (idproducto);


--
-- Name: oferta_equipo_proxy_numsolicitud_3cc31e99; Type: INDEX; Schema: public; Owner: const
--

CREATE INDEX oferta_equipo_proxy_numsolicitud_3cc31e99 ON public.oferta_equipo_proxy USING btree (numsolicitud);


--
-- Name: oferta_neumatico_proxy_idproducto_dc503917; Type: INDEX; Schema: public; Owner: const
--

CREATE INDEX oferta_neumatico_proxy_idproducto_dc503917 ON public.oferta_neumatico_proxy USING btree (idproducto);


--
-- Name: oferta_neumatico_proxy_numsolicitud_040373c2; Type: INDEX; Schema: public; Owner: const
--

CREATE INDEX oferta_neumatico_proxy_numsolicitud_040373c2 ON public.oferta_neumatico_proxy USING btree (numsolicitud);


--
-- Name: oferta_neumaticos_codmincex_23b3e25a; Type: INDEX; Schema: public; Owner: const
--

CREATE INDEX oferta_neumaticos_codmincex_23b3e25a ON public.oferta_neumaticos USING btree (codmincex);


--
-- Name: oferta_neumaticos_codmincex_23b3e25a_like; Type: INDEX; Schema: public; Owner: const
--

CREATE INDEX oferta_neumaticos_codmincex_23b3e25a_like ON public.oferta_neumaticos USING btree (codmincex varchar_pattern_ops);


--
-- Name: oferta_neumaticos_idespecialista_687bbd06; Type: INDEX; Schema: public; Owner: const
--

CREATE INDEX oferta_neumaticos_idespecialista_687bbd06 ON public.oferta_neumaticos USING btree (username);


--
-- Name: oferta_neumaticos_idpais_3d47da7c; Type: INDEX; Schema: public; Owner: const
--

CREATE INDEX oferta_neumaticos_idpais_3d47da7c ON public.oferta_neumaticos USING btree (idpais);


--
-- Name: oferta_neumaticos_idpais_3d47da7c_like; Type: INDEX; Schema: public; Owner: const
--

CREATE INDEX oferta_neumaticos_idpais_3d47da7c_like ON public.oferta_neumaticos USING btree (idpais varchar_pattern_ops);


--
-- Name: oferta_neumaticos_numsolicitud_a26052af; Type: INDEX; Schema: public; Owner: const
--

CREATE INDEX oferta_neumaticos_numsolicitud_a26052af ON public.oferta_neumaticos USING btree (numsolicitud);


--
-- Name: oferta_ppa_codmincex_f9672369; Type: INDEX; Schema: public; Owner: const
--

CREATE INDEX oferta_ppa_codmincex_f9672369 ON public.oferta_ppa USING btree (codmincex);


--
-- Name: oferta_ppa_codmincex_f9672369_like; Type: INDEX; Schema: public; Owner: const
--

CREATE INDEX oferta_ppa_codmincex_f9672369_like ON public.oferta_ppa USING btree (codmincex varchar_pattern_ops);


--
-- Name: oferta_ppa_idespecialista_18cc95cc; Type: INDEX; Schema: public; Owner: const
--

CREATE INDEX oferta_ppa_idespecialista_18cc95cc ON public.oferta_ppa USING btree (username);


--
-- Name: oferta_ppa_idpais_45485d9a; Type: INDEX; Schema: public; Owner: const
--

CREATE INDEX oferta_ppa_idpais_45485d9a ON public.oferta_ppa USING btree (idpais);


--
-- Name: oferta_ppa_idpais_45485d9a_like; Type: INDEX; Schema: public; Owner: const
--

CREATE INDEX oferta_ppa_idpais_45485d9a_like ON public.oferta_ppa USING btree (idpais varchar_pattern_ops);


--
-- Name: oferta_ppa_numsolicitud_f8ec6731; Type: INDEX; Schema: public; Owner: const
--

CREATE INDEX oferta_ppa_numsolicitud_f8ec6731 ON public.oferta_ppa USING btree (numsolicitud);


--
-- Name: oferta_ppa_proxy_idproducto_b1cd6301; Type: INDEX; Schema: public; Owner: const
--

CREATE INDEX oferta_ppa_proxy_idproducto_b1cd6301 ON public.oferta_ppa_proxy USING btree (idproducto);


--
-- Name: oferta_ppa_proxy_numsolicitud_2bc9954c; Type: INDEX; Schema: public; Owner: const
--

CREATE INDEX oferta_ppa_proxy_numsolicitud_2bc9954c ON public.oferta_ppa_proxy USING btree (numsolicitud);


--
-- Name: pais_codigopais_f394d5a9_like; Type: INDEX; Schema: public; Owner: const
--

CREATE INDEX pais_codigopais_f394d5a9_like ON public.pais USING btree (codigopais varchar_pattern_ops);


--
-- Name: ppa_codigoum_7b48f85c; Type: INDEX; Schema: public; Owner: const
--

CREATE INDEX ppa_codigoum_7b48f85c ON public.ppa USING btree (codigoum);


--
-- Name: ppa_codigoum_7b48f85c_like; Type: INDEX; Schema: public; Owner: const
--

CREATE INDEX ppa_codigoum_7b48f85c_like ON public.ppa USING btree (codigoum varchar_pattern_ops);


--
-- Name: ppa_equipo_equipo_id_c9d1cddb; Type: INDEX; Schema: public; Owner: const
--

CREATE INDEX ppa_equipo_equipo_id_c9d1cddb ON public.ppa_equipo USING btree (equipo_id);


--
-- Name: ppa_equipo_equipo_id_c9d1cddb_like; Type: INDEX; Schema: public; Owner: const
--

CREATE INDEX ppa_equipo_equipo_id_c9d1cddb_like ON public.ppa_equipo USING btree (equipo_id varchar_pattern_ops);


--
-- Name: ppa_equipo_ppa_id_323cec64; Type: INDEX; Schema: public; Owner: const
--

CREATE INDEX ppa_equipo_ppa_id_323cec64 ON public.ppa_equipo USING btree (ppa_id);


--
-- Name: ppa_equipo_ppa_id_323cec64_like; Type: INDEX; Schema: public; Owner: const
--

CREATE INDEX ppa_equipo_ppa_id_323cec64_like ON public.ppa_equipo USING btree (ppa_id varchar_pattern_ops);


--
-- Name: ppa_idproducto_ae8ec065_like; Type: INDEX; Schema: public; Owner: const
--

CREATE INDEX ppa_idproducto_ae8ec065_like ON public.ppa USING btree (idproducto varchar_pattern_ops);


--
-- Name: ppa_marca_id_ce5f7e04; Type: INDEX; Schema: public; Owner: const
--

CREATE INDEX ppa_marca_id_ce5f7e04 ON public.ppa USING btree (codigomarca);


--
-- Name: proveedor_baterias_bateria_id_bda82610; Type: INDEX; Schema: public; Owner: const
--

CREATE INDEX proveedor_baterias_bateria_id_bda82610 ON public.proveedor_baterias USING btree (bateria_id);


--
-- Name: proveedor_baterias_bateria_id_bda82610_like; Type: INDEX; Schema: public; Owner: const
--

CREATE INDEX proveedor_baterias_bateria_id_bda82610_like ON public.proveedor_baterias USING btree (bateria_id varchar_pattern_ops);


--
-- Name: proveedor_baterias_proveedor_id_9adc346c; Type: INDEX; Schema: public; Owner: const
--

CREATE INDEX proveedor_baterias_proveedor_id_9adc346c ON public.proveedor_baterias USING btree (proveedor_id);


--
-- Name: proveedor_baterias_proveedor_id_9adc346c_like; Type: INDEX; Schema: public; Owner: const
--

CREATE INDEX proveedor_baterias_proveedor_id_9adc346c_like ON public.proveedor_baterias USING btree (proveedor_id varchar_pattern_ops);


--
-- Name: proveedor_codigopais_ba6f5c0d; Type: INDEX; Schema: public; Owner: const
--

CREATE INDEX proveedor_codigopais_ba6f5c0d ON public.proveedor USING btree (codigopais);


--
-- Name: proveedor_codigopais_ba6f5c0d_like; Type: INDEX; Schema: public; Owner: const
--

CREATE INDEX proveedor_codigopais_ba6f5c0d_like ON public.proveedor USING btree (codigopais varchar_pattern_ops);


--
-- Name: proveedor_codmincex_e9a8c16d_like; Type: INDEX; Schema: public; Owner: const
--

CREATE INDEX proveedor_codmincex_e9a8c16d_like ON public.proveedor USING btree (codmincex varchar_pattern_ops);


--
-- Name: proveedor_equipos_equipo_id_5cd273e5; Type: INDEX; Schema: public; Owner: const
--

CREATE INDEX proveedor_equipos_equipo_id_5cd273e5 ON public.proveedor_equipos USING btree (equipo_id);


--
-- Name: proveedor_equipos_equipo_id_5cd273e5_like; Type: INDEX; Schema: public; Owner: const
--

CREATE INDEX proveedor_equipos_equipo_id_5cd273e5_like ON public.proveedor_equipos USING btree (equipo_id varchar_pattern_ops);


--
-- Name: proveedor_equipos_proveedor_id_5e09ac79; Type: INDEX; Schema: public; Owner: const
--

CREATE INDEX proveedor_equipos_proveedor_id_5e09ac79 ON public.proveedor_equipos USING btree (proveedor_id);


--
-- Name: proveedor_equipos_proveedor_id_5e09ac79_like; Type: INDEX; Schema: public; Owner: const
--

CREATE INDEX proveedor_equipos_proveedor_id_5e09ac79_like ON public.proveedor_equipos USING btree (proveedor_id varchar_pattern_ops);


--
-- Name: proveedor_marca_marca_id_ae2ad161; Type: INDEX; Schema: public; Owner: const
--

CREATE INDEX proveedor_marca_marca_id_ae2ad161 ON public.proveedor_marca USING btree (marca_id);


--
-- Name: proveedor_marca_proveedor_id_81518723; Type: INDEX; Schema: public; Owner: const
--

CREATE INDEX proveedor_marca_proveedor_id_81518723 ON public.proveedor_marca USING btree (proveedor_id);


--
-- Name: proveedor_marca_proveedor_id_81518723_like; Type: INDEX; Schema: public; Owner: const
--

CREATE INDEX proveedor_marca_proveedor_id_81518723_like ON public.proveedor_marca USING btree (proveedor_id varchar_pattern_ops);


--
-- Name: proveedor_neumaticos_neumatico_id_07963775; Type: INDEX; Schema: public; Owner: const
--

CREATE INDEX proveedor_neumaticos_neumatico_id_07963775 ON public.proveedor_neumaticos USING btree (neumatico_id);


--
-- Name: proveedor_neumaticos_neumatico_id_07963775_like; Type: INDEX; Schema: public; Owner: const
--

CREATE INDEX proveedor_neumaticos_neumatico_id_07963775_like ON public.proveedor_neumaticos USING btree (neumatico_id varchar_pattern_ops);


--
-- Name: proveedor_neumaticos_proveedor_id_d2c0a18b; Type: INDEX; Schema: public; Owner: const
--

CREATE INDEX proveedor_neumaticos_proveedor_id_d2c0a18b ON public.proveedor_neumaticos USING btree (proveedor_id);


--
-- Name: proveedor_neumaticos_proveedor_id_d2c0a18b_like; Type: INDEX; Schema: public; Owner: const
--

CREATE INDEX proveedor_neumaticos_proveedor_id_d2c0a18b_like ON public.proveedor_neumaticos USING btree (proveedor_id varchar_pattern_ops);


--
-- Name: proveedor_nomproveedor_a0b35d39_like; Type: INDEX; Schema: public; Owner: const
--

CREATE INDEX proveedor_nomproveedor_a0b35d39_like ON public.proveedor USING btree (nomproveedor varchar_pattern_ops);


--
-- Name: proveedor_ppa_ppa_id_7a94b08a; Type: INDEX; Schema: public; Owner: const
--

CREATE INDEX proveedor_ppa_ppa_id_7a94b08a ON public.proveedor_ppa USING btree (ppa_id);


--
-- Name: proveedor_ppa_ppa_id_7a94b08a_like; Type: INDEX; Schema: public; Owner: const
--

CREATE INDEX proveedor_ppa_ppa_id_7a94b08a_like ON public.proveedor_ppa USING btree (ppa_id varchar_pattern_ops);


--
-- Name: proveedor_ppa_proveedor_id_c93b5138; Type: INDEX; Schema: public; Owner: const
--

CREATE INDEX proveedor_ppa_proveedor_id_c93b5138 ON public.proveedor_ppa USING btree (proveedor_id);


--
-- Name: proveedor_ppa_proveedor_id_c93b5138_like; Type: INDEX; Schema: public; Owner: const
--

CREATE INDEX proveedor_ppa_proveedor_id_c93b5138_like ON public.proveedor_ppa USING btree (proveedor_id varchar_pattern_ops);


--
-- Name: provincia_codigoprovincia_faf2e195_like; Type: INDEX; Schema: public; Owner: const
--

CREATE INDEX provincia_codigoprovincia_faf2e195_like ON public.provincia USING btree (codigoprovincia varchar_pattern_ops);


--
-- Name: reports_savedreport_run_by_id_0e49a3ac; Type: INDEX; Schema: public; Owner: const
--

CREATE INDEX reports_savedreport_run_by_id_0e49a3ac ON public.reports_savedreport USING btree (run_by_id);


--
-- Name: solicitud_bateria_proveedor_codmincex_id_c9dc75e4; Type: INDEX; Schema: public; Owner: const
--

CREATE INDEX solicitud_bateria_proveedor_codmincex_id_c9dc75e4 ON public.solicitud_bateria_proveedor USING btree (codmincex_id);


--
-- Name: solicitud_bateria_proveedor_codmincex_id_c9dc75e4_like; Type: INDEX; Schema: public; Owner: const
--

CREATE INDEX solicitud_bateria_proveedor_codmincex_id_c9dc75e4_like ON public.solicitud_bateria_proveedor USING btree (codmincex_id varchar_pattern_ops);


--
-- Name: solicitud_bateria_proveedor_numsolicitud_6535162f; Type: INDEX; Schema: public; Owner: const
--

CREATE INDEX solicitud_bateria_proveedor_numsolicitud_6535162f ON public.solicitud_bateria_proveedor USING btree (numsolicitud);


--
-- Name: solicitud_bateria_proxy_idproducto_d16d2d8c_like; Type: INDEX; Schema: public; Owner: const
--

CREATE INDEX solicitud_bateria_proxy_idproducto_d16d2d8c_like ON public.solicitud_bateria_proxy USING btree (idproducto varchar_pattern_ops);


--
-- Name: solicitud_bateria_proxy_numsolicitud_94914016; Type: INDEX; Schema: public; Owner: const
--

CREATE INDEX solicitud_bateria_proxy_numsolicitud_94914016 ON public.solicitud_bateria_proxy USING btree (numsolicitud);


--
-- Name: solicitud_bateria_reeup_7a94b57f; Type: INDEX; Schema: public; Owner: const
--

CREATE INDEX solicitud_bateria_reeup_7a94b57f ON public.solicitud_bateria USING btree (reeup);


--
-- Name: solicitud_bateria_reeup_7a94b57f_like; Type: INDEX; Schema: public; Owner: const
--

CREATE INDEX solicitud_bateria_reeup_7a94b57f_like ON public.solicitud_bateria USING btree (reeup varchar_pattern_ops);


--
-- Name: solicitud_bateria_username_bf683e7b; Type: INDEX; Schema: public; Owner: const
--

CREATE INDEX solicitud_bateria_username_bf683e7b ON public.solicitud_bateria USING btree (username);


--
-- Name: solicitud_equipo_proveedor_codmincex_187ce024; Type: INDEX; Schema: public; Owner: const
--

CREATE INDEX solicitud_equipo_proveedor_codmincex_187ce024 ON public.solicitud_equipo_proveedor USING btree (codmincex);


--
-- Name: solicitud_equipo_proveedor_codmincex_187ce024_like; Type: INDEX; Schema: public; Owner: const
--

CREATE INDEX solicitud_equipo_proveedor_codmincex_187ce024_like ON public.solicitud_equipo_proveedor USING btree (codmincex varchar_pattern_ops);


--
-- Name: solicitud_equipo_proveedor_numsolicitud_00805827; Type: INDEX; Schema: public; Owner: const
--

CREATE INDEX solicitud_equipo_proveedor_numsolicitud_00805827 ON public.solicitud_equipo_proveedor USING btree (numsolicitud);


--
-- Name: solicitud_equipo_proxy_idproducto_08c7c6e0; Type: INDEX; Schema: public; Owner: const
--

CREATE INDEX solicitud_equipo_proxy_idproducto_08c7c6e0 ON public.solicitud_equipo_proxy USING btree (idproducto);


--
-- Name: solicitud_equipo_proxy_idproducto_08c7c6e0_like; Type: INDEX; Schema: public; Owner: const
--

CREATE INDEX solicitud_equipo_proxy_idproducto_08c7c6e0_like ON public.solicitud_equipo_proxy USING btree (idproducto varchar_pattern_ops);


--
-- Name: solicitud_equipo_proxy_numsolicitud_812d2e09; Type: INDEX; Schema: public; Owner: const
--

CREATE INDEX solicitud_equipo_proxy_numsolicitud_812d2e09 ON public.solicitud_equipo_proxy USING btree (numsolicitud);


--
-- Name: solicitud_equipo_reeup_07bd2083; Type: INDEX; Schema: public; Owner: const
--

CREATE INDEX solicitud_equipo_reeup_07bd2083 ON public.solicitud_equipo USING btree (reeup);


--
-- Name: solicitud_equipo_reeup_07bd2083_like; Type: INDEX; Schema: public; Owner: const
--

CREATE INDEX solicitud_equipo_reeup_07bd2083_like ON public.solicitud_equipo USING btree (reeup varchar_pattern_ops);


--
-- Name: solicitud_equipo_username_b32e7bdd; Type: INDEX; Schema: public; Owner: const
--

CREATE INDEX solicitud_equipo_username_b32e7bdd ON public.solicitud_equipo USING btree (username);


--
-- Name: solicitud_neumatico_proveedor_codmincex_id_920b25fe_like; Type: INDEX; Schema: public; Owner: const
--

CREATE INDEX solicitud_neumatico_proveedor_codmincex_id_920b25fe_like ON public.solicitud_neumatico_proveedor USING btree (codmincex_id varchar_pattern_ops);


--
-- Name: solicitud_neumatico_proveedor_numsolicitud_23890b23; Type: INDEX; Schema: public; Owner: const
--

CREATE INDEX solicitud_neumatico_proveedor_numsolicitud_23890b23 ON public.solicitud_neumatico_proveedor USING btree (numsolicitud);


--
-- Name: solicitud_neumatico_proxy_idproducto_264bd634; Type: INDEX; Schema: public; Owner: const
--

CREATE INDEX solicitud_neumatico_proxy_idproducto_264bd634 ON public.solicitud_neumatico_proxy USING btree (idproducto);


--
-- Name: solicitud_neumatico_proxy_idproducto_264bd634_like; Type: INDEX; Schema: public; Owner: const
--

CREATE INDEX solicitud_neumatico_proxy_idproducto_264bd634_like ON public.solicitud_neumatico_proxy USING btree (idproducto varchar_pattern_ops);


--
-- Name: solicitud_neumatico_proxy_numsolicitud_3ebfa720; Type: INDEX; Schema: public; Owner: const
--

CREATE INDEX solicitud_neumatico_proxy_numsolicitud_3ebfa720 ON public.solicitud_neumatico_proxy USING btree (numsolicitud);


--
-- Name: solicitud_neumatico_reeup_568efbf9; Type: INDEX; Schema: public; Owner: const
--

CREATE INDEX solicitud_neumatico_reeup_568efbf9 ON public.solicitud_neumatico USING btree (reeup);


--
-- Name: solicitud_neumatico_reeup_568efbf9_like; Type: INDEX; Schema: public; Owner: const
--

CREATE INDEX solicitud_neumatico_reeup_568efbf9_like ON public.solicitud_neumatico USING btree (reeup varchar_pattern_ops);


--
-- Name: solicitud_neumatico_username_ce90dce5; Type: INDEX; Schema: public; Owner: const
--

CREATE INDEX solicitud_neumatico_username_ce90dce5 ON public.solicitud_neumatico USING btree (username);


--
-- Name: solicitud_ppa_proveedor_codmincex_id_4cab253e; Type: INDEX; Schema: public; Owner: const
--

CREATE INDEX solicitud_ppa_proveedor_codmincex_id_4cab253e ON public.solicitud_ppa_proveedor USING btree (codmincex_id);


--
-- Name: solicitud_ppa_proveedor_codmincex_id_4cab253e_like; Type: INDEX; Schema: public; Owner: const
--

CREATE INDEX solicitud_ppa_proveedor_codmincex_id_4cab253e_like ON public.solicitud_ppa_proveedor USING btree (codmincex_id varchar_pattern_ops);


--
-- Name: solicitud_ppa_proveedor_numsolicitud_61e29922; Type: INDEX; Schema: public; Owner: const
--

CREATE INDEX solicitud_ppa_proveedor_numsolicitud_61e29922 ON public.solicitud_ppa_proveedor USING btree (numsolicitud);


--
-- Name: solicitud_ppa_proxy_idproducto_efc8a761; Type: INDEX; Schema: public; Owner: const
--

CREATE INDEX solicitud_ppa_proxy_idproducto_efc8a761 ON public.solicitud_ppa_proxy USING btree (idproducto);


--
-- Name: solicitud_ppa_proxy_idproducto_efc8a761_like; Type: INDEX; Schema: public; Owner: const
--

CREATE INDEX solicitud_ppa_proxy_idproducto_efc8a761_like ON public.solicitud_ppa_proxy USING btree (idproducto varchar_pattern_ops);


--
-- Name: solicitud_ppa_proxy_numsolicitud_b3c4e117; Type: INDEX; Schema: public; Owner: const
--

CREATE INDEX solicitud_ppa_proxy_numsolicitud_b3c4e117 ON public.solicitud_ppa_proxy USING btree (numsolicitud);


--
-- Name: solicitud_ppa_reeup_f85449dc; Type: INDEX; Schema: public; Owner: const
--

CREATE INDEX solicitud_ppa_reeup_f85449dc ON public.solicitud_ppa USING btree (reeup);


--
-- Name: solicitud_ppa_reeup_f85449dc_like; Type: INDEX; Schema: public; Owner: const
--

CREATE INDEX solicitud_ppa_reeup_f85449dc_like ON public.solicitud_ppa USING btree (reeup varchar_pattern_ops);


--
-- Name: solicitud_ppa_username_bda45af5; Type: INDEX; Schema: public; Owner: const
--

CREATE INDEX solicitud_ppa_username_bda45af5 ON public.solicitud_ppa USING btree (username);


--
-- Name: sucursal_cuba_codmincex_aa0b5234; Type: INDEX; Schema: public; Owner: const
--

CREATE INDEX sucursal_cuba_codmincex_aa0b5234 ON public.sucursal_cuba USING btree (codmincex);


--
-- Name: sucursal_cuba_codmincex_aa0b5234_like; Type: INDEX; Schema: public; Owner: const
--

CREATE INDEX sucursal_cuba_codmincex_aa0b5234_like ON public.sucursal_cuba USING btree (codmincex varchar_pattern_ops);


--
-- Name: um_codigoum_8b14f118_like; Type: INDEX; Schema: public; Owner: const
--

CREATE INDEX um_codigoum_8b14f118_like ON public.um USING btree (codigoum varchar_pattern_ops);


--
-- Name: um_descripcionum_4582a47e_like; Type: INDEX; Schema: public; Owner: const
--

CREATE INDEX um_descripcionum_4582a47e_like ON public.um USING btree (descripcionum varchar_pattern_ops);


--
-- Name: OSDE OSDE_ministerio_id_dd8f8290_fk; Type: FK CONSTRAINT; Schema: public; Owner: const
--

ALTER TABLE ONLY public."OSDE"
    ADD CONSTRAINT "OSDE_ministerio_id_dd8f8290_fk" FOREIGN KEY (ministerio_id) REFERENCES public.ministerio(reeup) DEFERRABLE INITIALLY DEFERRED;


--
-- Name: account_account account_account_user_id_8d4f4816_fk_auth_user_id; Type: FK CONSTRAINT; Schema: public; Owner: const
--

ALTER TABLE ONLY public.account_account
    ADD CONSTRAINT account_account_user_id_8d4f4816_fk_auth_user_id FOREIGN KEY (user_id) REFERENCES public.auth_user(id) DEFERRABLE INITIALLY DEFERRED;


--
-- Name: account_accountdeletion account_accountdeletion_user_id_c205475f_fk_auth_user_id; Type: FK CONSTRAINT; Schema: public; Owner: const
--

ALTER TABLE ONLY public.account_accountdeletion
    ADD CONSTRAINT account_accountdeletion_user_id_c205475f_fk_auth_user_id FOREIGN KEY (user_id) REFERENCES public.auth_user(id) DEFERRABLE INITIALLY DEFERRED;


--
-- Name: account_emailaddress account_emailaddress_user_id_2c513194_fk_auth_user_id; Type: FK CONSTRAINT; Schema: public; Owner: const
--

ALTER TABLE ONLY public.account_emailaddress
    ADD CONSTRAINT account_emailaddress_user_id_2c513194_fk_auth_user_id FOREIGN KEY (user_id) REFERENCES public.auth_user(id) DEFERRABLE INITIALLY DEFERRED;


--
-- Name: account_emailconfirmation account_emailconfirmation_email_address_id_5b7f8c58_fk; Type: FK CONSTRAINT; Schema: public; Owner: const
--

ALTER TABLE ONLY public.account_emailconfirmation
    ADD CONSTRAINT account_emailconfirmation_email_address_id_5b7f8c58_fk FOREIGN KEY (email_address_id) REFERENCES public.account_emailaddress(id) DEFERRABLE INITIALLY DEFERRED;


--
-- Name: account_passwordexpiry account_passwordexpiry_user_id_905230ec_fk_auth_user_id; Type: FK CONSTRAINT; Schema: public; Owner: const
--

ALTER TABLE ONLY public.account_passwordexpiry
    ADD CONSTRAINT account_passwordexpiry_user_id_905230ec_fk_auth_user_id FOREIGN KEY (user_id) REFERENCES public.auth_user(id) DEFERRABLE INITIALLY DEFERRED;


--
-- Name: account_passwordhistory account_passwordhistory_user_id_dc325181_fk_auth_user_id; Type: FK CONSTRAINT; Schema: public; Owner: const
--

ALTER TABLE ONLY public.account_passwordhistory
    ADD CONSTRAINT account_passwordhistory_user_id_dc325181_fk_auth_user_id FOREIGN KEY (user_id) REFERENCES public.auth_user(id) DEFERRABLE INITIALLY DEFERRED;


--
-- Name: account_signupcode account_signupcode_inviter_id_9706983e_fk_auth_user_id; Type: FK CONSTRAINT; Schema: public; Owner: const
--

ALTER TABLE ONLY public.account_signupcode
    ADD CONSTRAINT account_signupcode_inviter_id_9706983e_fk_auth_user_id FOREIGN KEY (inviter_id) REFERENCES public.auth_user(id) DEFERRABLE INITIALLY DEFERRED;


--
-- Name: account_signupcoderesult account_signupcoderesult_signup_code_id_1adc486e_fk; Type: FK CONSTRAINT; Schema: public; Owner: const
--

ALTER TABLE ONLY public.account_signupcoderesult
    ADD CONSTRAINT account_signupcoderesult_signup_code_id_1adc486e_fk FOREIGN KEY (signup_code_id) REFERENCES public.account_signupcode(id) DEFERRABLE INITIALLY DEFERRED;


--
-- Name: account_signupcoderesult account_signupcoderesult_user_id_c10dc604_fk_auth_user_id; Type: FK CONSTRAINT; Schema: public; Owner: const
--

ALTER TABLE ONLY public.account_signupcoderesult
    ADD CONSTRAINT account_signupcoderesult_user_id_c10dc604_fk_auth_user_id FOREIGN KEY (user_id) REFERENCES public.auth_user(id) DEFERRABLE INITIALLY DEFERRED;


--
-- Name: auth_group_permissions auth_group_permissio_permission_id_84c5c92e_fk_auth_perm; Type: FK CONSTRAINT; Schema: public; Owner: const
--

ALTER TABLE ONLY public.auth_group_permissions
    ADD CONSTRAINT auth_group_permissio_permission_id_84c5c92e_fk_auth_perm FOREIGN KEY (permission_id) REFERENCES public.auth_permission(id) DEFERRABLE INITIALLY DEFERRED;


--
-- Name: auth_group_permissions auth_group_permissions_group_id_b120cbf9_fk_auth_group_id; Type: FK CONSTRAINT; Schema: public; Owner: const
--

ALTER TABLE ONLY public.auth_group_permissions
    ADD CONSTRAINT auth_group_permissions_group_id_b120cbf9_fk_auth_group_id FOREIGN KEY (group_id) REFERENCES public.auth_group(id) DEFERRABLE INITIALLY DEFERRED;


--
-- Name: auth_permission auth_permission_content_type_id_2f476e4b_fk_django_co; Type: FK CONSTRAINT; Schema: public; Owner: const
--

ALTER TABLE ONLY public.auth_permission
    ADD CONSTRAINT auth_permission_content_type_id_2f476e4b_fk_django_co FOREIGN KEY (content_type_id) REFERENCES public.django_content_type(id) DEFERRABLE INITIALLY DEFERRED;


--
-- Name: auth_user_groups auth_user_groups_group_id_97559544_fk_auth_group_id; Type: FK CONSTRAINT; Schema: public; Owner: const
--

ALTER TABLE ONLY public.auth_user_groups
    ADD CONSTRAINT auth_user_groups_group_id_97559544_fk_auth_group_id FOREIGN KEY (group_id) REFERENCES public.auth_group(id) DEFERRABLE INITIALLY DEFERRED;


--
-- Name: auth_user_groups auth_user_groups_user_id_6a12ed8b_fk_auth_user_id; Type: FK CONSTRAINT; Schema: public; Owner: const
--

ALTER TABLE ONLY public.auth_user_groups
    ADD CONSTRAINT auth_user_groups_user_id_6a12ed8b_fk_auth_user_id FOREIGN KEY (user_id) REFERENCES public.auth_user(id) DEFERRABLE INITIALLY DEFERRED;


--
-- Name: auth_user_user_permissions auth_user_user_permi_permission_id_1fbb5f2c_fk_auth_perm; Type: FK CONSTRAINT; Schema: public; Owner: const
--

ALTER TABLE ONLY public.auth_user_user_permissions
    ADD CONSTRAINT auth_user_user_permi_permission_id_1fbb5f2c_fk_auth_perm FOREIGN KEY (permission_id) REFERENCES public.auth_permission(id) DEFERRABLE INITIALLY DEFERRED;


--
-- Name: auth_user_user_permissions auth_user_user_permissions_user_id_a95ead1b_fk_auth_user_id; Type: FK CONSTRAINT; Schema: public; Owner: const
--

ALTER TABLE ONLY public.auth_user_user_permissions
    ADD CONSTRAINT auth_user_user_permissions_user_id_a95ead1b_fk_auth_user_id FOREIGN KEY (user_id) REFERENCES public.auth_user(id) DEFERRABLE INITIALLY DEFERRED;


--
-- Name: bateria bateria_codigomarca_277a3733_fk_marca_codigomarca; Type: FK CONSTRAINT; Schema: public; Owner: const
--

ALTER TABLE ONLY public.bateria
    ADD CONSTRAINT bateria_codigomarca_277a3733_fk_marca_codigomarca FOREIGN KEY (codigomarca) REFERENCES public.marca(codigomarca) DEFERRABLE INITIALLY DEFERRED;


--
-- Name: bateria bateria_codigoum_3eef7d96_fk_um_codigoum; Type: FK CONSTRAINT; Schema: public; Owner: const
--

ALTER TABLE ONLY public.bateria
    ADD CONSTRAINT bateria_codigoum_3eef7d96_fk_um_codigoum FOREIGN KEY (codigoum) REFERENCES public.um(codigoum) DEFERRABLE INITIALLY DEFERRED;


--
-- Name: casa_matriz casa_matriz_codmincex_bd5fc4f6_fk; Type: FK CONSTRAINT; Schema: public; Owner: const
--

ALTER TABLE ONLY public.casa_matriz
    ADD CONSTRAINT casa_matriz_codmincex_bd5fc4f6_fk FOREIGN KEY (codmincex) REFERENCES public.proveedor(codmincex) DEFERRABLE INITIALLY DEFERRED;


--
-- Name: cliente cliente_OSDE_id_e62a283b_fk; Type: FK CONSTRAINT; Schema: public; Owner: const
--

ALTER TABLE ONLY public.cliente
    ADD CONSTRAINT "cliente_OSDE_id_e62a283b_fk" FOREIGN KEY ("OSDE_id") REFERENCES public."OSDE"(reeup) DEFERRABLE INITIALLY DEFERRED;


--
-- Name: cliente cliente_codigoprovincia_2ef760d6_fk_provincia_codigoprovincia; Type: FK CONSTRAINT; Schema: public; Owner: const
--

ALTER TABLE ONLY public.cliente
    ADD CONSTRAINT cliente_codigoprovincia_2ef760d6_fk_provincia_codigoprovincia FOREIGN KEY (codigoprovincia) REFERENCES public.provincia(codigoprovincia) DEFERRABLE INITIALLY DEFERRED;


--
-- Name: django_admin_log django_admin_log_content_type_id_c4bce8eb_fk_django_co; Type: FK CONSTRAINT; Schema: public; Owner: const
--

ALTER TABLE ONLY public.django_admin_log
    ADD CONSTRAINT django_admin_log_content_type_id_c4bce8eb_fk_django_co FOREIGN KEY (content_type_id) REFERENCES public.django_content_type(id) DEFERRABLE INITIALLY DEFERRED;


--
-- Name: django_admin_log django_admin_log_user_id_c564eba6_fk_auth_user_id; Type: FK CONSTRAINT; Schema: public; Owner: const
--

ALTER TABLE ONLY public.django_admin_log
    ADD CONSTRAINT django_admin_log_user_id_c564eba6_fk_auth_user_id FOREIGN KEY (user_id) REFERENCES public.auth_user(id) DEFERRABLE INITIALLY DEFERRED;


--
-- Name: equipo equipo_codigomarca_33aa6296_fk_marca_codigomarca; Type: FK CONSTRAINT; Schema: public; Owner: const
--

ALTER TABLE ONLY public.equipo
    ADD CONSTRAINT equipo_codigomarca_33aa6296_fk_marca_codigomarca FOREIGN KEY (codigomarca) REFERENCES public.marca(codigomarca) DEFERRABLE INITIALLY DEFERRED;


--
-- Name: equipo equipo_codigoum_0cef5e26_fk_um_codigoum; Type: FK CONSTRAINT; Schema: public; Owner: const
--

ALTER TABLE ONLY public.equipo
    ADD CONSTRAINT equipo_codigoum_0cef5e26_fk_um_codigoum FOREIGN KEY (codigoum) REFERENCES public.um(codigoum) DEFERRABLE INITIALLY DEFERRED;


--
-- Name: marca marca_codigopais_a5f8ede9_fk_pais_codigopais; Type: FK CONSTRAINT; Schema: public; Owner: const
--

ALTER TABLE ONLY public.marca
    ADD CONSTRAINT marca_codigopais_a5f8ede9_fk_pais_codigopais FOREIGN KEY (codigopais) REFERENCES public.pais(codigopais) DEFERRABLE INITIALLY DEFERRED;


--
-- Name: neumatico neumatico_codigomarca_2da28965_fk_marca_codigomarca; Type: FK CONSTRAINT; Schema: public; Owner: const
--

ALTER TABLE ONLY public.neumatico
    ADD CONSTRAINT neumatico_codigomarca_2da28965_fk_marca_codigomarca FOREIGN KEY (codigomarca) REFERENCES public.marca(codigomarca) DEFERRABLE INITIALLY DEFERRED;


--
-- Name: neumatico neumatico_codigoum_40edba2b_fk_um_codigoum; Type: FK CONSTRAINT; Schema: public; Owner: const
--

ALTER TABLE ONLY public.neumatico
    ADD CONSTRAINT neumatico_codigoum_40edba2b_fk_um_codigoum FOREIGN KEY (codigoum) REFERENCES public.um(codigoum) DEFERRABLE INITIALLY DEFERRED;


--
-- Name: oferta_bateria_proxy oferta_bateria_proxy_idproducto_b69ad312_fk_solicitud; Type: FK CONSTRAINT; Schema: public; Owner: const
--

ALTER TABLE ONLY public.oferta_bateria_proxy
    ADD CONSTRAINT oferta_bateria_proxy_idproducto_b69ad312_fk_solicitud FOREIGN KEY (idproducto) REFERENCES public.solicitud_bateria_proxy(id) DEFERRABLE INITIALLY DEFERRED;


--
-- Name: oferta_bateria_proxy oferta_bateria_proxy_numsolicitud_52a169f8_fk_oferta_ba; Type: FK CONSTRAINT; Schema: public; Owner: const
--

ALTER TABLE ONLY public.oferta_bateria_proxy
    ADD CONSTRAINT oferta_bateria_proxy_numsolicitud_52a169f8_fk_oferta_ba FOREIGN KEY (numsolicitud) REFERENCES public.oferta_baterias(numero) DEFERRABLE INITIALLY DEFERRED;


--
-- Name: oferta_baterias oferta_baterias_codmincex_9f1a49d3_fk; Type: FK CONSTRAINT; Schema: public; Owner: const
--

ALTER TABLE ONLY public.oferta_baterias
    ADD CONSTRAINT oferta_baterias_codmincex_9f1a49d3_fk FOREIGN KEY (codmincex) REFERENCES public.proveedor(codmincex) DEFERRABLE INITIALLY DEFERRED;


--
-- Name: oferta_baterias oferta_baterias_idpais_e53e2c7b_fk_pais_codigopais; Type: FK CONSTRAINT; Schema: public; Owner: const
--

ALTER TABLE ONLY public.oferta_baterias
    ADD CONSTRAINT oferta_baterias_idpais_e53e2c7b_fk_pais_codigopais FOREIGN KEY (idpais) REFERENCES public.pais(codigopais) DEFERRABLE INITIALLY DEFERRED;


--
-- Name: oferta_baterias oferta_baterias_numsolicitud_3f328d51_fk_solicitud; Type: FK CONSTRAINT; Schema: public; Owner: const
--

ALTER TABLE ONLY public.oferta_baterias
    ADD CONSTRAINT oferta_baterias_numsolicitud_3f328d51_fk_solicitud FOREIGN KEY (numsolicitud) REFERENCES public.solicitud_bateria(numsolicitud) DEFERRABLE INITIALLY DEFERRED;


--
-- Name: oferta_baterias oferta_baterias_username_7302a0b5_fk_auth_user_id; Type: FK CONSTRAINT; Schema: public; Owner: const
--

ALTER TABLE ONLY public.oferta_baterias
    ADD CONSTRAINT oferta_baterias_username_7302a0b5_fk_auth_user_id FOREIGN KEY (username) REFERENCES public.auth_user(id) DEFERRABLE INITIALLY DEFERRED;


--
-- Name: oferta_equipo oferta_equipo_codmincex_2e6e45cf_fk; Type: FK CONSTRAINT; Schema: public; Owner: const
--

ALTER TABLE ONLY public.oferta_equipo
    ADD CONSTRAINT oferta_equipo_codmincex_2e6e45cf_fk FOREIGN KEY (codmincex) REFERENCES public.proveedor(codmincex) DEFERRABLE INITIALLY DEFERRED;


--
-- Name: oferta_equipo oferta_equipo_idpais_25734604_fk_pais_codigopais; Type: FK CONSTRAINT; Schema: public; Owner: const
--

ALTER TABLE ONLY public.oferta_equipo
    ADD CONSTRAINT oferta_equipo_idpais_25734604_fk_pais_codigopais FOREIGN KEY (idpais) REFERENCES public.pais(codigopais) DEFERRABLE INITIALLY DEFERRED;


--
-- Name: oferta_equipo oferta_equipo_numsolicitud_cf512716_fk_solicitud; Type: FK CONSTRAINT; Schema: public; Owner: const
--

ALTER TABLE ONLY public.oferta_equipo
    ADD CONSTRAINT oferta_equipo_numsolicitud_cf512716_fk_solicitud FOREIGN KEY (numsolicitud) REFERENCES public.solicitud_equipo(numsolicitud) DEFERRABLE INITIALLY DEFERRED;


--
-- Name: oferta_equipo_proxy oferta_equipo_proxy_idproducto_ff77c35c_fk_solicitud; Type: FK CONSTRAINT; Schema: public; Owner: const
--

ALTER TABLE ONLY public.oferta_equipo_proxy
    ADD CONSTRAINT oferta_equipo_proxy_idproducto_ff77c35c_fk_solicitud FOREIGN KEY (idproducto) REFERENCES public.solicitud_equipo_proxy(id) DEFERRABLE INITIALLY DEFERRED;


--
-- Name: oferta_equipo oferta_equipo_username_21a56f58_fk_auth_user_id; Type: FK CONSTRAINT; Schema: public; Owner: const
--

ALTER TABLE ONLY public.oferta_equipo
    ADD CONSTRAINT oferta_equipo_username_21a56f58_fk_auth_user_id FOREIGN KEY (username) REFERENCES public.auth_user(id) DEFERRABLE INITIALLY DEFERRED;


--
-- Name: oferta_neumatico_proxy oferta_neumatico_pro_idproducto_dc503917_fk_solicitud; Type: FK CONSTRAINT; Schema: public; Owner: const
--

ALTER TABLE ONLY public.oferta_neumatico_proxy
    ADD CONSTRAINT oferta_neumatico_pro_idproducto_dc503917_fk_solicitud FOREIGN KEY (idproducto) REFERENCES public.solicitud_neumatico_proxy(id) DEFERRABLE INITIALLY DEFERRED;


--
-- Name: oferta_neumatico_proxy oferta_neumatico_pro_numsolicitud_040373c2_fk_oferta_ne; Type: FK CONSTRAINT; Schema: public; Owner: const
--

ALTER TABLE ONLY public.oferta_neumatico_proxy
    ADD CONSTRAINT oferta_neumatico_pro_numsolicitud_040373c2_fk_oferta_ne FOREIGN KEY (numsolicitud) REFERENCES public.oferta_neumaticos(numero) DEFERRABLE INITIALLY DEFERRED;


--
-- Name: oferta_neumaticos oferta_neumaticos_codmincex_23b3e25a_fk; Type: FK CONSTRAINT; Schema: public; Owner: const
--

ALTER TABLE ONLY public.oferta_neumaticos
    ADD CONSTRAINT oferta_neumaticos_codmincex_23b3e25a_fk FOREIGN KEY (codmincex) REFERENCES public.proveedor(codmincex) DEFERRABLE INITIALLY DEFERRED;


--
-- Name: oferta_neumaticos oferta_neumaticos_idpais_3d47da7c_fk_pais_codigopais; Type: FK CONSTRAINT; Schema: public; Owner: const
--

ALTER TABLE ONLY public.oferta_neumaticos
    ADD CONSTRAINT oferta_neumaticos_idpais_3d47da7c_fk_pais_codigopais FOREIGN KEY (idpais) REFERENCES public.pais(codigopais) DEFERRABLE INITIALLY DEFERRED;


--
-- Name: oferta_neumaticos oferta_neumaticos_numsolicitud_a26052af_fk_solicitud; Type: FK CONSTRAINT; Schema: public; Owner: const
--

ALTER TABLE ONLY public.oferta_neumaticos
    ADD CONSTRAINT oferta_neumaticos_numsolicitud_a26052af_fk_solicitud FOREIGN KEY (numsolicitud) REFERENCES public.solicitud_neumatico(numsolicitud) DEFERRABLE INITIALLY DEFERRED;


--
-- Name: oferta_neumaticos oferta_neumaticos_username_6bec8fee_fk_auth_user_id; Type: FK CONSTRAINT; Schema: public; Owner: const
--

ALTER TABLE ONLY public.oferta_neumaticos
    ADD CONSTRAINT oferta_neumaticos_username_6bec8fee_fk_auth_user_id FOREIGN KEY (username) REFERENCES public.auth_user(id) DEFERRABLE INITIALLY DEFERRED;


--
-- Name: oferta_ppa oferta_ppa_codmincex_f9672369_fk; Type: FK CONSTRAINT; Schema: public; Owner: const
--

ALTER TABLE ONLY public.oferta_ppa
    ADD CONSTRAINT oferta_ppa_codmincex_f9672369_fk FOREIGN KEY (codmincex) REFERENCES public.proveedor(codmincex) DEFERRABLE INITIALLY DEFERRED;


--
-- Name: oferta_ppa oferta_ppa_idpais_45485d9a_fk_pais_codigopais; Type: FK CONSTRAINT; Schema: public; Owner: const
--

ALTER TABLE ONLY public.oferta_ppa
    ADD CONSTRAINT oferta_ppa_idpais_45485d9a_fk_pais_codigopais FOREIGN KEY (idpais) REFERENCES public.pais(codigopais) DEFERRABLE INITIALLY DEFERRED;


--
-- Name: oferta_ppa oferta_ppa_numsolicitud_f8ec6731_fk_solicitud_ppa_numsolicitud; Type: FK CONSTRAINT; Schema: public; Owner: const
--

ALTER TABLE ONLY public.oferta_ppa
    ADD CONSTRAINT oferta_ppa_numsolicitud_f8ec6731_fk_solicitud_ppa_numsolicitud FOREIGN KEY (numsolicitud) REFERENCES public.solicitud_ppa(numsolicitud) DEFERRABLE INITIALLY DEFERRED;


--
-- Name: oferta_ppa_proxy oferta_ppa_proxy_idproducto_b1cd6301_fk_solicitud_ppa_proxy_id; Type: FK CONSTRAINT; Schema: public; Owner: const
--

ALTER TABLE ONLY public.oferta_ppa_proxy
    ADD CONSTRAINT oferta_ppa_proxy_idproducto_b1cd6301_fk_solicitud_ppa_proxy_id FOREIGN KEY (idproducto) REFERENCES public.solicitud_ppa_proxy(id) DEFERRABLE INITIALLY DEFERRED;


--
-- Name: oferta_ppa_proxy oferta_ppa_proxy_numsolicitud_2bc9954c_fk_oferta_ppa_numero; Type: FK CONSTRAINT; Schema: public; Owner: const
--

ALTER TABLE ONLY public.oferta_ppa_proxy
    ADD CONSTRAINT oferta_ppa_proxy_numsolicitud_2bc9954c_fk_oferta_ppa_numero FOREIGN KEY (numsolicitud) REFERENCES public.oferta_ppa(numero) DEFERRABLE INITIALLY DEFERRED;


--
-- Name: oferta_ppa oferta_ppa_username_beaea642_fk_auth_user_id; Type: FK CONSTRAINT; Schema: public; Owner: const
--

ALTER TABLE ONLY public.oferta_ppa
    ADD CONSTRAINT oferta_ppa_username_beaea642_fk_auth_user_id FOREIGN KEY (username) REFERENCES public.auth_user(id) DEFERRABLE INITIALLY DEFERRED;


--
-- Name: ppa ppa_codigomarca_fde9bf8b_fk_marca_codigomarca; Type: FK CONSTRAINT; Schema: public; Owner: const
--

ALTER TABLE ONLY public.ppa
    ADD CONSTRAINT ppa_codigomarca_fde9bf8b_fk_marca_codigomarca FOREIGN KEY (codigomarca) REFERENCES public.marca(codigomarca) DEFERRABLE INITIALLY DEFERRED;


--
-- Name: ppa ppa_codigoum_7b48f85c_fk_um_codigoum; Type: FK CONSTRAINT; Schema: public; Owner: const
--

ALTER TABLE ONLY public.ppa
    ADD CONSTRAINT ppa_codigoum_7b48f85c_fk_um_codigoum FOREIGN KEY (codigoum) REFERENCES public.um(codigoum) DEFERRABLE INITIALLY DEFERRED;


--
-- Name: ppa_equipo ppa_equipo_equipo_id_c9d1cddb_fk; Type: FK CONSTRAINT; Schema: public; Owner: const
--

ALTER TABLE ONLY public.ppa_equipo
    ADD CONSTRAINT ppa_equipo_equipo_id_c9d1cddb_fk FOREIGN KEY (equipo_id) REFERENCES public.equipo(idproducto) DEFERRABLE INITIALLY DEFERRED;


--
-- Name: ppa_equipo ppa_equipo_ppa_id_323cec64_fk; Type: FK CONSTRAINT; Schema: public; Owner: const
--

ALTER TABLE ONLY public.ppa_equipo
    ADD CONSTRAINT ppa_equipo_ppa_id_323cec64_fk FOREIGN KEY (ppa_id) REFERENCES public.ppa(idproducto) DEFERRABLE INITIALLY DEFERRED;


--
-- Name: proveedor_baterias proveedor_baterias_bateria_id_bda82610_fk; Type: FK CONSTRAINT; Schema: public; Owner: const
--

ALTER TABLE ONLY public.proveedor_baterias
    ADD CONSTRAINT proveedor_baterias_bateria_id_bda82610_fk FOREIGN KEY (bateria_id) REFERENCES public.bateria(idproducto) DEFERRABLE INITIALLY DEFERRED;


--
-- Name: proveedor_baterias proveedor_baterias_proveedor_id_9adc346c_fk_proveedor_codmincex; Type: FK CONSTRAINT; Schema: public; Owner: const
--

ALTER TABLE ONLY public.proveedor_baterias
    ADD CONSTRAINT proveedor_baterias_proveedor_id_9adc346c_fk_proveedor_codmincex FOREIGN KEY (proveedor_id) REFERENCES public.proveedor(codmincex) DEFERRABLE INITIALLY DEFERRED;


--
-- Name: proveedor proveedor_codigopais_ba6f5c0d_fk_pais_codigopais; Type: FK CONSTRAINT; Schema: public; Owner: const
--

ALTER TABLE ONLY public.proveedor
    ADD CONSTRAINT proveedor_codigopais_ba6f5c0d_fk_pais_codigopais FOREIGN KEY (codigopais) REFERENCES public.pais(codigopais) DEFERRABLE INITIALLY DEFERRED;


--
-- Name: proveedor_equipos proveedor_equipos_equipo_id_5cd273e5_fk; Type: FK CONSTRAINT; Schema: public; Owner: const
--

ALTER TABLE ONLY public.proveedor_equipos
    ADD CONSTRAINT proveedor_equipos_equipo_id_5cd273e5_fk FOREIGN KEY (equipo_id) REFERENCES public.equipo(idproducto) DEFERRABLE INITIALLY DEFERRED;


--
-- Name: proveedor_equipos proveedor_equipos_proveedor_id_5e09ac79_fk_proveedor_codmincex; Type: FK CONSTRAINT; Schema: public; Owner: const
--

ALTER TABLE ONLY public.proveedor_equipos
    ADD CONSTRAINT proveedor_equipos_proveedor_id_5e09ac79_fk_proveedor_codmincex FOREIGN KEY (proveedor_id) REFERENCES public.proveedor(codmincex) DEFERRABLE INITIALLY DEFERRED;


--
-- Name: proveedor_marca proveedor_marca_marca_id_ae2ad161_fk_marca_codigomarca; Type: FK CONSTRAINT; Schema: public; Owner: const
--

ALTER TABLE ONLY public.proveedor_marca
    ADD CONSTRAINT proveedor_marca_marca_id_ae2ad161_fk_marca_codigomarca FOREIGN KEY (marca_id) REFERENCES public.marca(codigomarca) DEFERRABLE INITIALLY DEFERRED;


--
-- Name: proveedor_marca proveedor_marca_proveedor_id_81518723_fk; Type: FK CONSTRAINT; Schema: public; Owner: const
--

ALTER TABLE ONLY public.proveedor_marca
    ADD CONSTRAINT proveedor_marca_proveedor_id_81518723_fk FOREIGN KEY (proveedor_id) REFERENCES public.proveedor(codmincex) DEFERRABLE INITIALLY DEFERRED;


--
-- Name: proveedor_neumaticos proveedor_neumaticos_neumatico_id_07963775_fk; Type: FK CONSTRAINT; Schema: public; Owner: const
--

ALTER TABLE ONLY public.proveedor_neumaticos
    ADD CONSTRAINT proveedor_neumaticos_neumatico_id_07963775_fk FOREIGN KEY (neumatico_id) REFERENCES public.neumatico(idproducto) DEFERRABLE INITIALLY DEFERRED;


--
-- Name: proveedor_neumaticos proveedor_neumaticos_proveedor_id_d2c0a18b_fk_proveedor; Type: FK CONSTRAINT; Schema: public; Owner: const
--

ALTER TABLE ONLY public.proveedor_neumaticos
    ADD CONSTRAINT proveedor_neumaticos_proveedor_id_d2c0a18b_fk_proveedor FOREIGN KEY (proveedor_id) REFERENCES public.proveedor(codmincex) DEFERRABLE INITIALLY DEFERRED;


--
-- Name: proveedor_ppa proveedor_ppa_ppa_id_7a94b08a_fk; Type: FK CONSTRAINT; Schema: public; Owner: const
--

ALTER TABLE ONLY public.proveedor_ppa
    ADD CONSTRAINT proveedor_ppa_ppa_id_7a94b08a_fk FOREIGN KEY (ppa_id) REFERENCES public.ppa(idproducto) DEFERRABLE INITIALLY DEFERRED;


--
-- Name: proveedor_ppa proveedor_ppa_proveedor_id_c93b5138_fk_proveedor_codmincex; Type: FK CONSTRAINT; Schema: public; Owner: const
--

ALTER TABLE ONLY public.proveedor_ppa
    ADD CONSTRAINT proveedor_ppa_proveedor_id_c93b5138_fk_proveedor_codmincex FOREIGN KEY (proveedor_id) REFERENCES public.proveedor(codmincex) DEFERRABLE INITIALLY DEFERRED;


--
-- Name: reports_savedreport reports_savedreport_run_by_id_0e49a3ac_fk_auth_user_id; Type: FK CONSTRAINT; Schema: public; Owner: const
--

ALTER TABLE ONLY public.reports_savedreport
    ADD CONSTRAINT reports_savedreport_run_by_id_0e49a3ac_fk_auth_user_id FOREIGN KEY (run_by_id) REFERENCES public.auth_user(id) DEFERRABLE INITIALLY DEFERRED;


--
-- Name: solicitud_bateria_proveedor solicitud_bateria_pr_codmincex_id_c9dc75e4_fk_proveedor; Type: FK CONSTRAINT; Schema: public; Owner: const
--

ALTER TABLE ONLY public.solicitud_bateria_proveedor
    ADD CONSTRAINT solicitud_bateria_pr_codmincex_id_c9dc75e4_fk_proveedor FOREIGN KEY (codmincex_id) REFERENCES public.proveedor(codmincex) DEFERRABLE INITIALLY DEFERRED;


--
-- Name: solicitud_bateria_proveedor solicitud_bateria_pr_numsolicitud_6535162f_fk_solicitud; Type: FK CONSTRAINT; Schema: public; Owner: const
--

ALTER TABLE ONLY public.solicitud_bateria_proveedor
    ADD CONSTRAINT solicitud_bateria_pr_numsolicitud_6535162f_fk_solicitud FOREIGN KEY (numsolicitud) REFERENCES public.solicitud_bateria(numsolicitud) DEFERRABLE INITIALLY DEFERRED;


--
-- Name: solicitud_bateria_proxy solicitud_bateria_pr_numsolicitud_94914016_fk_solicitud; Type: FK CONSTRAINT; Schema: public; Owner: const
--

ALTER TABLE ONLY public.solicitud_bateria_proxy
    ADD CONSTRAINT solicitud_bateria_pr_numsolicitud_94914016_fk_solicitud FOREIGN KEY (numsolicitud) REFERENCES public.solicitud_bateria(numsolicitud) DEFERRABLE INITIALLY DEFERRED;


--
-- Name: solicitud_bateria_proxy solicitud_bateria_proxy_idproducto_d16d2d8c_fk; Type: FK CONSTRAINT; Schema: public; Owner: const
--

ALTER TABLE ONLY public.solicitud_bateria_proxy
    ADD CONSTRAINT solicitud_bateria_proxy_idproducto_d16d2d8c_fk FOREIGN KEY (idproducto) REFERENCES public.bateria(idproducto) DEFERRABLE INITIALLY DEFERRED;


--
-- Name: solicitud_bateria solicitud_bateria_reeup_7a94b57f_fk_cliente_reeup; Type: FK CONSTRAINT; Schema: public; Owner: const
--

ALTER TABLE ONLY public.solicitud_bateria
    ADD CONSTRAINT solicitud_bateria_reeup_7a94b57f_fk_cliente_reeup FOREIGN KEY (reeup) REFERENCES public.cliente(reeup) DEFERRABLE INITIALLY DEFERRED;


--
-- Name: solicitud_bateria solicitud_bateria_username_bf683e7b_fk_auth_user_id; Type: FK CONSTRAINT; Schema: public; Owner: const
--

ALTER TABLE ONLY public.solicitud_bateria
    ADD CONSTRAINT solicitud_bateria_username_bf683e7b_fk_auth_user_id FOREIGN KEY (username) REFERENCES public.auth_user(id) DEFERRABLE INITIALLY DEFERRED;


--
-- Name: solicitud_equipo_proveedor solicitud_equipo_pro_numsolicitud_00805827_fk_solicitud; Type: FK CONSTRAINT; Schema: public; Owner: const
--

ALTER TABLE ONLY public.solicitud_equipo_proveedor
    ADD CONSTRAINT solicitud_equipo_pro_numsolicitud_00805827_fk_solicitud FOREIGN KEY (numsolicitud) REFERENCES public.solicitud_equipo(numsolicitud) DEFERRABLE INITIALLY DEFERRED;


--
-- Name: solicitud_equipo_proxy solicitud_equipo_pro_numsolicitud_812d2e09_fk_solicitud; Type: FK CONSTRAINT; Schema: public; Owner: const
--

ALTER TABLE ONLY public.solicitud_equipo_proxy
    ADD CONSTRAINT solicitud_equipo_pro_numsolicitud_812d2e09_fk_solicitud FOREIGN KEY (numsolicitud) REFERENCES public.solicitud_equipo(numsolicitud) DEFERRABLE INITIALLY DEFERRED;


--
-- Name: solicitud_equipo_proveedor solicitud_equipo_proveedor_codmincex_187ce024_fk; Type: FK CONSTRAINT; Schema: public; Owner: const
--

ALTER TABLE ONLY public.solicitud_equipo_proveedor
    ADD CONSTRAINT solicitud_equipo_proveedor_codmincex_187ce024_fk FOREIGN KEY (codmincex) REFERENCES public.proveedor(codmincex) DEFERRABLE INITIALLY DEFERRED;


--
-- Name: solicitud_equipo_proxy solicitud_equipo_proxy_idproducto_08c7c6e0_fk; Type: FK CONSTRAINT; Schema: public; Owner: const
--

ALTER TABLE ONLY public.solicitud_equipo_proxy
    ADD CONSTRAINT solicitud_equipo_proxy_idproducto_08c7c6e0_fk FOREIGN KEY (idproducto) REFERENCES public.equipo(idproducto) DEFERRABLE INITIALLY DEFERRED;


--
-- Name: solicitud_equipo solicitud_equipo_reeup_07bd2083_fk_cliente_reeup; Type: FK CONSTRAINT; Schema: public; Owner: const
--

ALTER TABLE ONLY public.solicitud_equipo
    ADD CONSTRAINT solicitud_equipo_reeup_07bd2083_fk_cliente_reeup FOREIGN KEY (reeup) REFERENCES public.cliente(reeup) DEFERRABLE INITIALLY DEFERRED;


--
-- Name: solicitud_equipo solicitud_equipo_username_b32e7bdd_fk_auth_user_id; Type: FK CONSTRAINT; Schema: public; Owner: const
--

ALTER TABLE ONLY public.solicitud_equipo
    ADD CONSTRAINT solicitud_equipo_username_b32e7bdd_fk_auth_user_id FOREIGN KEY (username) REFERENCES public.auth_user(id) DEFERRABLE INITIALLY DEFERRED;


--
-- Name: solicitud_neumatico_proveedor solicitud_neumatico__numsolicitud_23890b23_fk_solicitud; Type: FK CONSTRAINT; Schema: public; Owner: const
--

ALTER TABLE ONLY public.solicitud_neumatico_proveedor
    ADD CONSTRAINT solicitud_neumatico__numsolicitud_23890b23_fk_solicitud FOREIGN KEY (numsolicitud) REFERENCES public.solicitud_neumatico(numsolicitud) DEFERRABLE INITIALLY DEFERRED;


--
-- Name: solicitud_neumatico_proxy solicitud_neumatico__numsolicitud_3ebfa720_fk_solicitud; Type: FK CONSTRAINT; Schema: public; Owner: const
--

ALTER TABLE ONLY public.solicitud_neumatico_proxy
    ADD CONSTRAINT solicitud_neumatico__numsolicitud_3ebfa720_fk_solicitud FOREIGN KEY (numsolicitud) REFERENCES public.solicitud_neumatico(numsolicitud) DEFERRABLE INITIALLY DEFERRED;


--
-- Name: solicitud_neumatico_proveedor solicitud_neumatico_proveedor_codmincex_id_920b25fe_fk; Type: FK CONSTRAINT; Schema: public; Owner: const
--

ALTER TABLE ONLY public.solicitud_neumatico_proveedor
    ADD CONSTRAINT solicitud_neumatico_proveedor_codmincex_id_920b25fe_fk FOREIGN KEY (codmincex_id) REFERENCES public.proveedor(codmincex) DEFERRABLE INITIALLY DEFERRED;


--
-- Name: solicitud_neumatico_proxy solicitud_neumatico_proxy_idproducto_264bd634_fk; Type: FK CONSTRAINT; Schema: public; Owner: const
--

ALTER TABLE ONLY public.solicitud_neumatico_proxy
    ADD CONSTRAINT solicitud_neumatico_proxy_idproducto_264bd634_fk FOREIGN KEY (idproducto) REFERENCES public.neumatico(idproducto) DEFERRABLE INITIALLY DEFERRED;


--
-- Name: solicitud_neumatico solicitud_neumatico_reeup_568efbf9_fk_cliente_reeup; Type: FK CONSTRAINT; Schema: public; Owner: const
--

ALTER TABLE ONLY public.solicitud_neumatico
    ADD CONSTRAINT solicitud_neumatico_reeup_568efbf9_fk_cliente_reeup FOREIGN KEY (reeup) REFERENCES public.cliente(reeup) DEFERRABLE INITIALLY DEFERRED;


--
-- Name: solicitud_neumatico solicitud_neumatico_username_ce90dce5_fk_auth_user_id; Type: FK CONSTRAINT; Schema: public; Owner: const
--

ALTER TABLE ONLY public.solicitud_neumatico
    ADD CONSTRAINT solicitud_neumatico_username_ce90dce5_fk_auth_user_id FOREIGN KEY (username) REFERENCES public.auth_user(id) DEFERRABLE INITIALLY DEFERRED;


--
-- Name: solicitud_ppa_proveedor solicitud_ppa_provee_numsolicitud_61e29922_fk_solicitud; Type: FK CONSTRAINT; Schema: public; Owner: const
--

ALTER TABLE ONLY public.solicitud_ppa_proveedor
    ADD CONSTRAINT solicitud_ppa_provee_numsolicitud_61e29922_fk_solicitud FOREIGN KEY (numsolicitud) REFERENCES public.solicitud_ppa(numsolicitud) DEFERRABLE INITIALLY DEFERRED;


--
-- Name: solicitud_ppa_proveedor solicitud_ppa_proveedor_codmincex_id_4cab253e_fk; Type: FK CONSTRAINT; Schema: public; Owner: const
--

ALTER TABLE ONLY public.solicitud_ppa_proveedor
    ADD CONSTRAINT solicitud_ppa_proveedor_codmincex_id_4cab253e_fk FOREIGN KEY (codmincex_id) REFERENCES public.proveedor(codmincex) DEFERRABLE INITIALLY DEFERRED;


--
-- Name: solicitud_ppa_proxy solicitud_ppa_proxy_idproducto_efc8a761_fk; Type: FK CONSTRAINT; Schema: public; Owner: const
--

ALTER TABLE ONLY public.solicitud_ppa_proxy
    ADD CONSTRAINT solicitud_ppa_proxy_idproducto_efc8a761_fk FOREIGN KEY (idproducto) REFERENCES public.ppa(idproducto) DEFERRABLE INITIALLY DEFERRED;


--
-- Name: solicitud_ppa_proxy solicitud_ppa_proxy_numsolicitud_b3c4e117_fk_solicitud; Type: FK CONSTRAINT; Schema: public; Owner: const
--

ALTER TABLE ONLY public.solicitud_ppa_proxy
    ADD CONSTRAINT solicitud_ppa_proxy_numsolicitud_b3c4e117_fk_solicitud FOREIGN KEY (numsolicitud) REFERENCES public.solicitud_ppa(numsolicitud) DEFERRABLE INITIALLY DEFERRED;


--
-- Name: solicitud_ppa solicitud_ppa_reeup_f85449dc_fk_cliente_reeup; Type: FK CONSTRAINT; Schema: public; Owner: const
--

ALTER TABLE ONLY public.solicitud_ppa
    ADD CONSTRAINT solicitud_ppa_reeup_f85449dc_fk_cliente_reeup FOREIGN KEY (reeup) REFERENCES public.cliente(reeup) DEFERRABLE INITIALLY DEFERRED;


--
-- Name: solicitud_ppa solicitud_ppa_username_bda45af5_fk_auth_user_id; Type: FK CONSTRAINT; Schema: public; Owner: const
--

ALTER TABLE ONLY public.solicitud_ppa
    ADD CONSTRAINT solicitud_ppa_username_bda45af5_fk_auth_user_id FOREIGN KEY (username) REFERENCES public.auth_user(id) DEFERRABLE INITIALLY DEFERRED;


--
-- Name: sucursal_cuba sucursal_cuba_codmincex_aa0b5234_fk; Type: FK CONSTRAINT; Schema: public; Owner: const
--

ALTER TABLE ONLY public.sucursal_cuba
    ADD CONSTRAINT sucursal_cuba_codmincex_aa0b5234_fk FOREIGN KEY (codmincex) REFERENCES public.proveedor(codmincex) DEFERRABLE INITIALLY DEFERRED;


--
-- PostgreSQL database dump complete
--

